,code,lat,lon
0,AAA,-17.3595,-145.494
1,AAE,36.8236,7.8103
2,AAL,57.0952,9.85606
3,AAM,-24.8,31.5333
4,AAN,24.25,55.75
5,AAQ,44.9,37.3167
6,AAR,56.3088,10.6154
7,AAT,47.7406,88.0845
8,AAX,-19.5603,-46.9653
9,AAY,16.1947,52.1694
10,ABA,53.7167,91.4333
11,ABC,38.9833,-1.85
12,ABD,30.3374,48.3032
13,ABE,40.6514,-75.4342
14,ABI,32.4164,-99.6803
15,ABJ,5.2556,-3.9292
16,ABK,6.73719,44.2797
17,ABL,67.1058,-157.854
18,ABM,-10.9438,142.453
19,ABQ,35.0494,-106.625
20,ABR,45.4536,-98.4189
21,ABS,22.3722,31.6125
22,ABT,20.2961,41.6342
23,ABV,9.0056,7.2661
24,ABX,-36.0678,146.956
25,ABY,31.5328,-84.1867
26,ABZ,57.2004,-2.20373
27,ACA,16.7561,-99.7536
28,ACC,5.5964,-0.17
29,ACE,28.9521,-13.6085
30,ACH,47.4887,9.55376
31,ACI,49.7134,-2.22089
32,ACK,41.2568,-70.0649
33,ACP,68.1609,-151.696
34,ACS,47.7006,18.0064
35,ACT,31.609,-97.2234
36,ACV,40.9698,-124.108
37,ACX,25.0887,104.89
38,ACY,39.4512,-74.5716
39,ACZ,31.0385,61.4962
40,ADA,36.9811,35.2803
41,ADB,38.32,27.1603
42,ADD,8.9783,38.8011
43,ADE,12.8278,45.0306
44,ADF,37.8099,38.3357
45,ADJ,31.973,35.9822
46,ADK,51.88,-176.639
47,ADL,-34.9464,138.529
48,ADQ,57.7545,-152.512
49,ADU,38.2465,48.2951
50,ADX,56.377,-2.86117
51,ADZ,12.5811,-81.7092
52,AEH,13.8486,20.8472
53,AEP,-34.5617,-58.4113
54,AER,43.447,39.9552
55,AES,62.5607,6.11129
56,AET,66.55,-152.65
57,AEX,31.323,-92.5417
58,AEY,65.6561,-18.0923
59,AFA,-34.5886,-68.4028
60,AFL,-9.8661,-56.1044
61,AFS,41.6136,64.2331
62,AFT,-9.18333,160.95
63,AFZ,36.1903,57.7094
64,AGA,30.3833,-9.55
65,AGF,44.1736,0.59223
66,AGH,56.2873,12.8675
67,AGL,-9.33333,149.15
68,AGM,65.6667,-37.6667
69,AGN,57.4996,-134.577
70,AGP,36.6749,-4.49298
71,AGR,27.1632,77.9788
72,AGS,33.3735,-81.9732
73,AGT,-25.5266,-54.6226
74,AGU,21.7047,-102.317
75,AGV,9.55194,-69.2367
76,AGX,10.8415,72.175
77,AHB,18.24,42.6556
78,AHC,40.2664,-120.151
79,AHE,-14.5,-1.3
80,AHO,40.6319,8.29279
81,AHS,15.4534,-84.4041
82,AHU,35.1781,-3.8383
83,AIA,42.0622,-102.81
84,AIN,70.6139,-159.857
85,AIT,-18.8299,-159.765
86,AIU,-20.0333,-158.1
87,AJA,41.9204,8.79778
88,AJF,29.7897,40.1039
89,AJI,39.7239,43.0618
90,AJL,23.7361,92.8083
91,AJN,-12.2234,44.3709
92,AJR,65.592,19.2647
93,AJU,-10.985,-37.0733
94,AKA,32.7026,108.912
95,AKB,52.2217,-174.204
96,AKF,24.1819,23.3189
97,AKI,60.8866,-161.218
98,AKJ,43.665,142.453
99,AKK,56.95,-154.167
100,AKL,-37.0085,174.782
101,AKN,58.6775,-156.655
102,AKP,68.1916,-151.79
103,AKS,-27.6667,27.3167
104,AKU,41.171,80.1982
105,AKV,60.8142,-78.1509
106,AKX,50.2362,57.2115
107,AKY,20.1303,92.8803
108,ALA,43.3608,77.0319
109,ALB,42.7426,-73.809
110,ALC,38.2844,-0.5576
111,ALF,69.9793,23.3571
112,ALG,36.6993,3.21935
113,ALH,-34.9447,117.808
114,ALM,32.8407,-105.994
115,ALO,42.5509,-92.3951
116,ALP,36.1808,37.2267
117,ALS,37.4444,-105.865
118,ALW,46.0879,-118.283
119,ALY,31.1845,29.9491
120,ALZ,56.8988,-154.246
121,AMA,35.2177,-101.706
122,AMD,23.0728,72.6328
123,AMH,6.01327,37.5405
124,AMI,-8.562,116.098
125,AMM,31.7231,35.9936
126,AMQ,-3.7067,128.078
127,AMS,52.3122,4.77511
128,AMV,69.7638,61.5586
129,AMY,38.4819,-100.608
130,ANC,61.1767,-149.961
131,ANE,47.5603,-0.312222
132,ANF,-23.44,-70.4419
133,ANG,45.7274,0.21835
134,ANI,61.5742,-159.535
135,ANM,-18.7772,46.8543
136,ANR,51.1896,4.45236
137,ANU,17.1375,-61.79
138,ANV,62.65,-160.217
139,ANX,69.3088,16.1236
140,AOC,50.9794,12.5111
141,AOE,39.7905,30.5172
142,AOI,43.6158,13.3634
143,AOJ,40.7357,140.69
144,AOK,35.4239,27.1472
145,AOO,40.2952,-78.324
146,AOR,6.1947,100.404
147,AOS,57.4672,-153.839
148,APA,39.5752,-104.845
149,APF,26.1483,-81.7745
150,APK,-8.64687,-131.787
151,APL,-15.1,39.2814
152,APN,45.07,-83.5683
153,APO,7.88361,-76.6321
154,APW,-13.8255,-171.993
155,AQG,30.5167,117.033
156,AQI,28.3317,46.13
157,AQJ,29.6119,35.0178
158,AQP,-16.3372,-71.5692
159,ARC,68.1167,-145.583
160,ARD,35.1437,-93.1848
161,ARH,64.4465,40.4242
162,ARI,-18.3458,-70.3358
163,ARK,-3.36515,36.6738
164,ARM,-30.5308,151.618
165,ARN,59.6521,17.9317
166,ART,43.9942,-76.0232
167,ARU,-21.1436,-50.4261
168,ARV,45.9296,-89.7371
169,ARW,46.1805,21.2609
170,ASA,31.4124,-97.0528
171,ASB,37.9842,58.3294
172,ASD,24.6978,-77.7961
173,ASE,39.2197,-106.864
174,ASF,46.2971,48.0515
175,ASI,-7.93586,-14.4081
176,ASJ,28.431,129.712
177,ASM,15.2906,38.9103
178,ASO,10.0611,34.5344
179,ASP,-23.802,133.892
180,ASR,38.7708,35.4939
181,ASU,-25.2397,-57.5189
182,ASV,-2.63333,37.25
183,ASW,23.965,32.8217
184,ATB,17.7,33.9833
185,ATC,24.6287,-75.6734
186,ATD,-8.86667,161.033
187,ATH,37.8937,23.7235
188,ATK,70.4639,-157.331
189,ATL,33.6558,-84.4333
190,ATM,-3.2506,-52.2517
191,ATQ,31.7131,74.7955
192,ATR,20.5067,-13.0436
193,ATT,60.865,-162.276
194,ATW,44.2603,-88.5111
195,ATY,44.9216,-97.1609
196,ATZ,27.0411,31.0114
197,AUA,12.5022,-70.0139
198,AUC,7.0703,-70.7406
199,AUG,44.3181,-69.7933
200,AUH,24.4331,54.6489
201,AUK,62.6833,-164.633
202,AUQ,-9.7719,-139.015
203,AUR,44.8984,2.41982
204,AUS,30.2027,-97.6653
205,AUX,-7.2281,-48.2403
206,AUY,-20.1909,169.825
207,AVL,35.4349,-82.5373
208,AVN,43.9056,4.89951
209,AVP,41.3354,-75.7294
210,AVU,-9.85,160.417
211,AVV,-38.0408,144.468
212,AWB,-8.01667,142.75
213,AWD,-19.2501,169.598
214,AWZ,31.3378,48.7597
215,AXA,18.2103,-63.0575
216,AXD,40.8567,25.9567
217,AXM,4.4564,-75.7681
218,AXP,22.4441,-73.9775
219,AXR,-15.5098,-146.538
220,AXT,39.6153,140.219
221,AXU,14.147,38.7726
222,AYQ,-25.1872,130.977
223,AYT,36.9022,30.7917
224,AZA,33.3078,-111.656
225,AZD,31.905,54.2786
226,AZN,40.7324,72.2931
227,AZO,42.2398,-85.5563
228,AZR,27.8378,-0.1864
229,AZS,19.2099,-69.3279
230,BAG,16.3764,120.619
231,BAH,26.2736,50.6234
232,BAL,37.93,41.1167
233,BAQ,10.8961,-74.7789
234,BAS,-7.98333,155.9
235,BAU,-22.345,-49.0531
236,BAV,40.5679,109.998
237,BAX,53.3667,83.75
238,BAY,47.6589,23.465
239,BBA,-45.9167,-71.6869
240,BBI,20.2466,85.8152
241,BBK,-17.8333,25.1667
242,BBN,3.73333,115.467
243,BBO,10.3917,44.95
244,BBS,51.3252,-0.84173
245,BBU,44.4966,26.087
246,BCA,20.3644,-74.5064
247,BCD,10.6444,122.929
248,BCI,-23.5635,145.305
249,BCL,10.7856,-83.5966
250,BCM,46.5283,26.8997
251,BCN,41.3006,2.07976
252,BDA,32.3675,-64.6903
253,BDB,-24.9046,152.322
254,BDD,-10.1214,142.142
255,BDH,26.5333,54.8239
256,BDJ,-3.4425,114.757
257,BDL,41.9271,-72.6816
258,BDO,-6.9017,107.576
259,BDP,26.5667,88.0833
260,BDQ,22.3367,73.2264
261,BDR,41.1636,-73.1283
262,BDS,40.6626,17.9426
263,BDU,69.0589,18.539
264,BEB,57.4756,-7.37041
265,BEG,44.8192,20.3122
266,BEL,-1.3844,-48.4783
267,BEN,35.6425,-87.1192
268,BES,48.4458,-4.41511
269,BET,60.7788,-161.847
270,BEU,-24.3544,139.463
271,BEW,-19.7958,34.9089
272,BEY,33.825,35.4925
273,BFD,41.7964,-78.6407
274,BFE,52,8.5
275,BFF,41.8683,-103.597
276,BFI,47.5369,-122.304
277,BFL,35.4288,-119.044
278,BFN,-29.0942,26.3027
279,BFS,54.6542,-6.225
280,BFV,15.2295,103.253
281,BGA,7.1217,-73.1883
282,BGF,4.3961,18.5203
283,BGI,13.0719,-59.4939
284,BGM,42.2082,-75.9825
285,BGO,60.2907,5.22065
286,BGR,44.8086,-68.8167
287,BGW,33.3328,44.3639
288,BGY,45.6664,9.699
289,BHB,44.4461,-68.3615
290,BHD,54.6151,-5.87096
291,BHE,-41.52,173.87
292,BHG,15.7636,-84.551
293,BHH,19.9817,42.6267
294,BHI,-38.7261,-62.1539
295,BHJ,23.2875,69.6706
296,BHK,39.7948,64.4895
297,BHM,33.5604,-86.7492
298,BHO,23.2844,77.3383
299,BHQ,-32.0031,141.466
300,BHR,25.9173,50.6071
301,BHS,-33.4121,149.657
302,BHU,21.7536,72.1867
303,BHV,29.3444,71.7125
304,BHX,52.4531,-1.73847
305,BHY,21.4833,109.083
306,BIA,42.5497,9.48341
307,BID,41.1696,-71.58
308,BII,11.5833,165.383
309,BIK,-1,136.117
310,BIL,45.8034,-108.537
311,BIM,25.6994,-79.2636
312,BIO,43.3025,-2.91112
313,BIQ,43.472,-1.53137
314,BIR,26.4814,87.2647
315,BIS,46.7745,-100.757
316,BJA,36.7133,5.0697
317,BJB,37.4933,57.3007
318,BJF,70.6031,29.6948
319,BJI,47.5065,-94.9338
320,BJL,13.3372,-16.6544
321,BJM,-3.3317,29.3208
322,BJR,11.5564,37.3687
323,BJV,37.0413,27.4362
324,BJW,-8.78333,120.983
325,BJX,20.9903,-101.478
326,BJZ,38.8939,-6.81921
327,BKA,55.5516,37.9763
328,BKC,65.9833,-161.167
329,BKI,5.9386,116.049
330,BKK,13.9144,100.608
331,BKL,41.5115,-81.6869
332,BKM,3.94515,114.402
333,BKO,12.5361,-7.9486
334,BKQ,-24.4292,145.429
335,BKS,-3.8633,102.339
336,BKW,37.7849,-81.1174
337,BKY,-2.3014,28.8139
338,BLA,10.1103,-64.6872
339,BLE,60.4297,15.5081
340,BLI,48.7955,-122.532
341,BLJ,35.5572,6.17229
342,BLK,53.7756,-3.04118
343,BLL,55.742,9.15354
344,BLQ,44.5345,11.2903
345,BLR,12.9526,77.6656
346,BLT,-23.6012,148.805
347,BLV,38.5412,-89.8499
348,BLZ,-15.6764,34.9714
349,BMA,59.3562,17.9378
350,BME,-17.9464,122.233
351,BMI,40.4841,-88.9134
352,BMK,53.5797,6.71294
353,BMO,24.2739,97.2517
354,BMU,-8.5444,118.682
355,BMV,12.6667,108.05
356,BMW,28.0269,1.65284
357,BMY,-19.75,163.667
358,BNA,36.1342,-86.6682
359,BND,27.225,56.3783
360,BNE,-27.3589,153.122
361,BNI,6.3161,5.6
362,BNJ,50.7667,7.16449
363,BNK,-28.8342,153.555
364,BNN,65.462,12.2161
365,BNS,8.6211,-70.2181
366,BNX,44.9403,17.2992
367,BNY,-11.2961,159.801
368,BOB,-16.45,-151.767
369,BOC,9.34,-82.2514
370,BOD,44.8291,-0.70278
371,BOG,4.69895,-74.1435
372,BOH,50.7797,-1.83424
373,BOI,43.5709,-116.222
374,BOJ,42.5667,27.5
375,BOM,19.0932,72.8654
376,BON,12.1392,-68.2697
377,BOO,67.2709,14.3653
378,BOS,42.3717,-71.0281
379,BOW,27.9493,-81.7818
380,BOY,11.1636,-4.3264
381,BPN,-1.2681,116.897
382,BPS,-16.4406,-39.0833
383,BPT,29.9551,-94.0185
384,BPX,31.1442,97.174
385,BPY,-16.7431,44.4803
386,BQK,31.2525,-81.4703
387,BQL,-22.9122,139.897
388,BQN,18.496,-67.1357
389,BQS,50.4243,127.409
390,BRA,-12.0792,-45.01
391,BRC,-41.1511,-71.1581
392,BRD,46.3909,-94.1413
393,BRE,53.0523,8.78533
394,BRF,54.3139,-2.23218
395,BRI,41.1376,16.7674
396,BRK,-30.0403,145.953
397,BRL,40.7816,-91.1197
398,BRM,10.0453,-69.3561
399,BRN,46.9124,7.49929
400,BRO,25.9064,-97.4321
401,BRQ,49.1535,16.6908
402,BRR,57.0251,-7.44967
403,BRS,51.3848,-2.70526
404,BRU,50.899,4.4859
405,BRV,53.5537,8.78359
406,BRW,71.2892,-156.772
407,BSA,11.2775,49.1814
408,BSB,-15.8622,-47.9122
409,BSC,6.1786,-77.3956
410,BSD,25.0604,99.1639
411,BSG,1.9046,9.8032
412,BSH,50.8333,-0.13333
413,BSK,34.7933,5.74
414,BSL,47.5998,7.532
415,BSO,20.4531,121.978
416,BSR,30.5481,47.6658
417,BSX,45.4264,5.14384
418,BTH,1.1306,104.134
419,BTI,70.1478,-143.579
420,BTJ,5.5197,95.4181
421,BTK,56.1667,102.067
422,BTL,42.3046,-85.2448
423,BTM,45.9544,-112.503
424,BTR,30.533,-91.1567
425,BTS,48.2063,17.2055
426,BTT,66.9134,-151.551
427,BTU,3.1728,113.043
428,BTV,44.4688,-73.1552
429,BTZ,40.2344,29.0053
430,BUA,-5.42232,154.673
431,BUC,-17.7484,139.532
432,BUD,47.4453,19.2195
433,BUF,42.9309,-78.738
434,BUL,33.9116,-102.638
435,BUN,3.8183,-76.9931
436,BUO,65.8514,12.344
437,BUQ,-20.0169,28.6181
438,BUR,34.1963,-118.352
439,BUS,50.0662,2.96519
440,BUX,1.5717,30.2128
441,BUZ,28.9494,50.8311
442,BVA,49.4565,2.11552
443,BVB,2.8417,-60.6917
444,BVC,16.0961,-22.8172
445,BVE,45.1487,1.47441
446,BVG,70.8702,29.0294
447,BVH,-12.7014,-60.0931
448,BVI,-25.8971,139.349
449,BWA,27.5042,83.42
450,BWE,52.3165,10.5595
451,BWF,54.1284,-3.26249
452,BWI,39.1841,-76.6745
453,BWK,43.2619,16.655
454,BWN,4.9458,114.924
455,BWT,-40.9935,145.725
456,BWW,22.4922,-79.9408
457,BXR,29.4375,-98.4618
458,BXU,8.9528,125.476
459,BYM,20.3972,-76.6192
460,BYN,62.0526,17.1936
461,BZE,17.5386,-88.3042
462,BZG,53.0918,17.9821
463,BZK,53.2667,34.3333
464,BZL,22.6667,90.3417
465,BZN,45.7722,-111.157
466,BZO,46.4621,11.3282
467,BZR,43.3229,3.35466
468,BZV,-4.2558,15.2497
469,BZZ,51.7614,-1.57482
470,CAB,-5.59,12.1886
471,CAC,-25.0017,-53.5014
472,CAE,33.9468,-81.1241
473,CAG,39.2527,9.05813
474,CAH,9.17667,105.151
475,CAI,30.1206,31.4078
476,CAK,40.9149,-81.4309
477,CAL,55.4388,-5.69997
478,CAN,23.3925,113.299
479,CAP,19.7328,-72.195
480,CAX,54.9375,-2.8106
481,CAY,4.93333,-52.3333
482,CAZ,-31.5334,145.797
483,CBB,-17.4161,-66.1744
484,CBG,52.2069,0.17355
485,CBH,31.6583,-2.2614
486,CBO,7.165,124.208
487,CBQ,4.9756,8.3481
488,CBR,-35.3069,149.195
489,CBT,-12.4827,13.4904
490,CCC,22.4817,-78.4813
491,CCF,43.2153,2.30989
492,CCJ,11.1329,75.9536
493,CCK,-12.1778,96.839
494,CCM,-28.7239,-49.4208
495,CCP,-36.7736,-73.06
496,CCS,10.6053,-66.9881
497,CCU,22.6572,88.4506
498,CCV,-16.6619,168.38
499,CCZ,25.4098,-77.8843
500,CDB,55.2005,-162.705
501,CDC,37.6992,-113.092
502,CDG,49.0175,2.5564
503,CDR,42.8284,-103.094
504,CDV,60.4924,-145.475
505,CDW,40.8759,-74.2775
506,CEB,10.3596,123.837
507,CEC,41.7765,-124.237
508,CED,-32.1264,133.701
509,CEE,59.083,37.938
510,CEG,53.1707,-2.98142
511,CEI,19.8864,99.8306
512,CEK,55.3104,61.4913
513,CEM,65.6121,-144.674
514,CEN,27.3925,-109.832
515,CEZ,37.3044,-108.63
516,CFC,-26.7775,-51.0175
517,CFE,45.7896,3.16013
518,CFK,36.2128,1.33167
519,CFN,55.0416,-8.3436
520,CFR,49.1825,-0.45906
521,CFS,-30.3171,153.119
522,CFU,39.6013,19.9136
523,CGA,55.4592,-133.106
524,CGB,-15.6497,-56.1169
525,CGD,28.9196,111.63
526,CGH,-23.6285,-46.6589
527,CGI,37.2272,-89.5637
528,CGK,-6.11964,106.656
529,CGM,9.173,124.725
530,CGN,50.8784,7.12293
531,CGO,34.75,113.65
532,CGP,22.2517,91.815
533,CGQ,43.9069,125.207
534,CGR,-20.475,-54.6736
535,CGY,8.4139,124.608
536,CHA,35.0373,-85.1966
537,CHC,-43.4859,172.534
538,CHO,38.14,-78.4487
539,CHQ,35.5319,24.1489
540,CHS,32.8838,-80.0356
541,CHT,-37.9723,174.566
542,CHU,61.5769,-159.244
543,CHY,-6.7,156.45
544,CIA,41.8004,12.5908
545,CIC,39.7987,-121.854
546,CID,41.8893,-91.7008
547,CIF,42.3333,119.008
548,CIH,36.1833,113.133
549,CIJ,-11.0178,-68.759
550,CIK,66.65,-143.75
551,CIP,-11.1358,-38.5205
552,CIT,39.89,-78.0166
553,CIU,46.2581,-84.4739
554,CIW,12.7187,-61.3306
555,CIX,-6.7897,-79.8322
556,CJA,-7.1322,-78.4889
557,CJB,11.0233,77.0482
558,CJC,-22.4944,-68.9017
559,CJJ,36.7131,127.509
560,CJL,35.8861,71.7944
561,CJS,31.6361,-106.428
562,CJU,33.5056,126.495
563,CKB,39.2967,-80.2314
564,CKD,61.8667,-158.133
565,CKG,29.5833,106.5
566,CKH,70.6416,147.933
567,CKS,-6.1175,-50.0036
568,CKX,64.0833,-141.917
569,CKY,9.5764,-13.6108
570,CKZ,40.1553,26.4142
571,CLD,33.1255,-117.275
572,CLE,41.4115,-81.8339
573,CLJ,46.7902,23.6984
574,CLL,30.5938,-96.3685
575,CLM,48.1155,-123.491
576,CLO,3.5461,-76.385
577,CLP,58.8517,-158.51
578,CLQ,19.2733,-103.577
579,CLT,35.2226,-80.946
580,CLY,42.5295,8.79677
581,CMA,-28.0333,145.617
582,CMB,7.1806,79.8856
583,CME,18.6522,-91.8011
584,CMF,45.6375,5.88291
585,CMG,-19.0055,-57.7055
586,CMH,39.9974,-82.8877
587,CMI,40.0367,-88.2638
588,CMN,33.365,-7.5817
589,CMU,-6.0283,44.9717
590,CMW,21.4186,-77.8458
591,CMX,47.1689,-88.4942
592,CNB,-30.9742,148.381
593,CNC,-10.0505,143.069
594,CND,44.3581,28.4896
595,CNF,-19.6242,-43.9717
596,CNJ,-20.6657,140.508
597,CNM,32.3458,-104.251
598,CNP,70.7431,-22.6583
599,CNQ,-27.4497,-58.7622
600,CNS,-16.8831,145.753
601,CNX,18.7714,98.9628
602,CNY,38.7609,-109.742
603,COD,44.5134,-109.031
604,COK,9.93997,76.2748
605,COL,56.6167,-6.61667
606,COO,6.3542,2.3856
607,COQ,48.1366,114.65
608,COR,-31.3131,-64.1994
609,COS,38.7829,-104.697
610,COU,38.8174,-92.2218
611,CPC,-40.0758,-71.1392
612,CPD,-29.0378,134.724
613,CPE,19.8158,-90.5008
614,CPH,55.6205,12.6495
615,CPO,-27.2933,-70.4122
616,CPQ,-23,-47.1333
617,CPR,42.8966,-106.465
618,CPT,-33.9647,18.6022
619,CPV,-7.2689,-35.8947
620,CPX,18.3204,-65.2929
621,CQD,32.2967,50.8417
622,CRA,44.3173,23.8447
623,CRD,-45.7872,-67.4628
624,CRI,22.7467,-74.18
625,CRK,15.1806,120.557
626,CRL,50.4601,4.45878
627,CRM,12.5044,124.635
628,CRP,27.7747,-97.5019
629,CRW,38.3697,-81.5951
630,CSA,56.0603,-6.22418
631,CSG,32.5184,-84.9401
632,CSH,65.05,35.6667
633,CSK,12.3953,-16.7514
634,CSX,28.0711,112.958
635,CSY,56.1311,47.2882
636,CTA,37.4696,15.0672
637,CTC,-28.5939,-65.7542
638,CTG,10.4481,-75.5106
639,CTL,-26.4135,146.263
640,CTM,18.5039,-88.3247
641,CTS,42.7757,141.691
642,CTU,30.5775,103.941
643,CUC,7.93,-72.5094
644,CUE,-2.8867,-78.9833
645,CUF,44.5466,7.61998
646,CUK,17.4956,-88.1816
647,CUL,24.7644,-107.474
648,CUM,10.4539,-64.1297
649,CUN,21.0406,-86.8744
650,CUP,10.6589,-63.2625
651,CUR,12.188,-68.9634
652,CUU,28.7028,-105.964
653,CUZ,-13.5308,-71.9472
654,CVG,39.0571,-84.6625
655,CVM,23.7139,-98.9653
656,CVN,34.4271,-103.087
657,CVQ,-24.8801,113.669
658,CVT,52.367,-1.4895
659,CVU,39.7,-31.1
660,CWA,44.7846,-89.6704
661,CWB,-25.5275,-49.1731
662,CWC,48.2526,25.976
663,CWL,51.3998,-3.34475
664,CXB,21.45,91.9681
665,CXH,49.5912,-125.848
666,CXI,1.9849,-157.675
667,CXJ,-29.1961,-51.1906
668,CXR,12.2333,109.2
669,CYB,19.689,-79.8848
670,CYF,60.1558,-164.273
671,CYI,23.4542,120.404
672,CYO,21.6169,-81.5422
673,CYP,12.0722,124.544
674,CYS,41.1527,-104.819
675,CYU,10.8762,121.064
676,CYX,68.75,161.35
677,CYZ,16.93,121.756
678,CZE,11.4158,-69.6819
679,CZH,18.3696,-88.4307
680,CZL,36.2778,6.6247
681,CZM,20.5242,-86.9264
682,CZN,62.0833,-142.05
683,CZS,-7.5994,-72.7697
684,CZU,9.3375,-75.2828
685,CZX,31.7833,119.95
686,DAB,29.1874,-81.0615
687,DAC,23.8379,90.3948
688,DAD,16.05,108.2
689,DAL,32.8439,-96.8496
690,DAM,33.4139,36.5178
691,DAR,-6.8753,39.2019
692,DAT,45.3666,-102.682
693,DAU,-9.0878,143.195
694,DAX,31.1336,107.419
695,DAY,39.8968,-84.2207
696,DBA,30.4419,69.3597
697,DBO,-32.2183,148.574
698,DBQ,42.4047,-90.7037
699,DBV,42.5631,18.2692
700,DCA,38.849,-77.0438
701,DCF,15.5333,-61.4
702,DCM,43.5538,2.28923
703,DDC,37.7573,-99.9697
704,DDG,40.0242,124.283
705,DEA,40.2483,-74.0007
706,DEC,39.8335,-88.8773
707,DED,30.3167,78.0333
708,DEF,32.4317,48.3989
709,DEL,28.5603,77.1027
710,DEN,39.8396,-104.672
711,DEZ,35.2822,40.1744
712,DFW,32.9222,-97.0409
713,DGA,16.9757,-88.235
714,DGE,-32.5613,149.618
715,DGM,27.0667,105.2
716,DGO,24.1283,-104.527
717,DGT,9.3358,123.301
718,DHM,32.3,76.2667
719,DHN,31.3144,-85.4487
720,DIB,27.4839,95.0208
721,DIE,-12.3461,49.2925
722,DIG,26.1256,109.308
723,DIK,46.8035,-102.802
724,DIL,-8.5533,125.526
725,DIN,38.5686,-81.0596
726,DIR,9.6244,41.8536
727,DIS,-4.21667,12.5
728,DIU,20.7134,70.9217
729,DIY,37.8947,40.2019
730,DJB,-1.6369,103.639
731,DJE,33.8764,10.7792
732,DJG,24.2625,9.4428
733,DJJ,-2.575,140.514
734,DKR,14.7417,-17.4931
735,DLA,4.0133,9.7097
736,DLC,38.9617,121.543
737,DLG,59.0445,-158.513
738,DLH,46.838,-92.1781
739,DLI,11.7501,108.377
740,DLM,36.7125,28.7922
741,DLU,25.5667,100.233
742,DLY,-16.6619,168.38
743,DLZ,43.9667,104.683
744,DMD,-18,138.833
745,DME,55.4025,37.9136
746,DMK,13.9181,100.59
747,DMM,26.4722,49.8058
748,DMU,25.8839,93.7736
749,DND,56.4538,-3.01347
750,DNH,40.2,94.6833
751,DNK,48.368,35.0942
752,DNR,48.589,-2.07757
753,DNZ,37.7667,29.1
754,DOG,19.1833,30.4833
755,DOH,25.2592,51.5658
756,DOK,48.072,37.7426
757,DOM,15.5431,-61.3092
758,DOP,29.217,82.7517
759,DOU,-22.1978,-54.9225
760,DOY,40.0294,-120.107
761,DPL,8.6043,123.348
762,DPO,-41.1726,146.425
763,DPS,-8.7486,115.165
764,DRG,66.0833,-162.767
765,DRO,37.1595,-107.751
766,DRS,51.1688,13.7899
767,DRT,29.3702,-100.918
768,DRW,-12.4159,130.874
769,DSA,53.3954,-1.38243
770,DSM,41.5328,-93.6481
771,DSN,39.8295,109.976
772,DTM,51.5123,7.60451
773,DTW,42.2327,-83.3412
774,DUB,53.4272,-6.24418
775,DUD,-45.9287,170.199
776,DUE,-7.3958,20.8236
777,DUJ,41.1833,-78.8953
778,DUQ,48.7562,-123.711
779,DUR,-29.9736,30.9472
780,DUS,51.2794,6.76481
781,DUT,53.896,-166.535
782,DVL,48.108,-98.9037
783,DVO,7.1292,125.647
784,DWB,-16.1,45.3667
785,DWD,23.9176,45.0811
786,DXB,25.2509,55.3629
787,DYG,29.1333,110.483
788,DYR,64.7358,177.739
789,DYU,38.5785,68.7773
790,DZA,-12.8,45.2833
791,DZN,47.7131,67.7065
792,EAA,64.7667,-141.15
793,EAE,-17.0686,168.381
794,EAL,9.08333,167.333
795,EAM,17.6117,44.4297
796,EAR,40.7236,-99.0151
797,EAS,43.3557,-1.79208
798,EAT,47.4048,-120.21
799,EAU,44.8625,-91.4826
800,EBA,42.7629,10.2383
801,EBB,0.0417,32.4381
802,EBD,13.1597,30.2342
803,EBJ,55.5247,8.55388
804,EBL,36.1797,44.016
805,ECN,35.1597,33.4897
806,EDA,55.9503,-133.656
807,EDI,55.9486,-3.36431
808,EDL,0.5375,35.2783
809,EDO,39.599,27.0221
810,EDR,-14.9,141.617
811,EEK,60.2167,-162.017
812,EFL,38.1181,20.5003
813,EGC,44.8227,0.51524
814,EGE,39.6395,-106.912
815,EGN,13.4833,22.45
816,EGO,50.6406,36.5853
817,EGS,65.2694,-14.3549
818,EGV,45.932,-89.2599
819,EGX,58.2101,-157.366
820,EIB,50.9853,10.485
821,EIE,58.4395,92.1852
822,EIK,59.298,10.4319
823,EIN,51.4463,5.39212
824,EIS,18.4439,-64.5428
825,EJA,7.025,-73.8092
826,EJH,26.2003,36.4758
827,EKO,40.829,-115.78
828,EKS,45.2681,-111.65
829,ELC,-11.9149,135.803
830,ELF,35.0339,-83.7405
831,ELG,30.5686,2.8653
832,ELH,25.4747,-76.685
833,ELI,64.6167,-162.267
834,ELM,42.1633,-76.8973
835,ELP,31.7982,-106.393
836,ELQ,26.3025,43.7703
837,ELS,-33.0361,27.8239
838,ELU,33.5122,6.7842
839,ELV,58.1833,-136.317
840,ELY,39.3043,-114.853
841,EMA,52.8258,-1.33094
842,EMD,-23.5704,148.178
843,EME,53.3893,7.2284
844,EMK,62.785,-164.491
845,ENA,60.5651,-151.244
846,ENE,-8.8,121.6
847,ENF,68.3606,23.4205
848,ENH,30.2875,109.472
849,ENI,34.1167,-89.9395
850,ENS,52.2678,6.89152
851,ENU,6.4756,7.5661
852,ENW,42.5934,-87.9299
853,ENY,36.5965,109.475
854,EOH,6.2231,-75.5886
855,EOZ,7.0631,-69.4942
856,EPR,-33.6819,121.827
857,EQS,-42.9264,-71.1425
858,ERC,39.7117,39.5169
859,ERF,50.9754,10.9626
860,ERH,31.9525,-4.4067
861,ERI,42.0829,-80.1824
862,ERM,-27.6608,-52.2756
863,ERS,-22.6125,17.0819
864,ERZ,39.9567,41.1697
865,ESB,40.1289,32.9961
866,ESC,45.718,-87.0942
867,ESD,48.7073,-122.909
868,ESM,0.9717,-79.6219
869,ESR,-26.3083,-69.7517
870,ESS,51.4078,6.93968
871,ESU,31.5147,-9.76532
872,ETH,29.5541,34.9554
873,ETZ,48.9788,6.24722
874,EUA,45.9034,-116.982
875,EUG,44.1184,-123.213
876,EUM,54.1667,9.98333
877,EUN,27.15,-13.2
878,EUX,17.5031,-62.9736
879,EVE,68.489,16.6806
880,EVG,62.0466,14.4187
881,EVN,40.1573,44.4065
882,EVV,38.0464,-87.5308
883,EWB,41.6735,-70.9579
884,EWD,61.1021,-149.924
885,EWN,35.0786,-77.0343
886,EWR,40.6924,-74.1843
887,EXT,50.7303,-3.4166
888,EYP,5.35,-72.3833
889,EYW,24.5536,-81.7551
890,EZE,-34.82,-58.5333
891,EZS,38.6083,39.2917
892,FAB,51.2783,-0.7703
893,FAE,62.0625,-7.2708
894,FAI,64.8183,-147.866
895,FAO,37.0154,-7.97197
896,FAR,46.9195,-96.8243
897,FAT,36.7675,-119.717
898,FAV,-15.9969,-145.509
899,FAY,34.9914,-78.8889
900,FBM,-11.5908,27.5292
901,FCA,48.3075,-114.252
902,FCN,53.7849,8.59625
903,FCO,41.8026,12.2551
904,FDE,61.392,5.7615
905,FDF,14.5897,-61.0092
906,FDH,47.6747,9.52088
907,FEG,40.3833,71.7667
908,FEN,-3.8519,-32.4244
909,FEZ,33.9286,-4.9767
910,FGU,-15.9038,-140.494
911,FHZ,-8.64687,-131.787
912,FIH,-4.3847,15.445
913,FJR,25.1106,56.3267
914,FKB,48.781,8.08678
915,FKI,0.4808,25.3331
916,FKL,41.3766,-79.8573
917,FKQ,-2.46456,117.996
918,FKS,37.2314,140.429
919,FLA,1.5847,-75.5644
920,FLG,35.139,-111.675
921,FLL,26.0722,-80.1354
922,FLN,-27.6697,-48.5517
923,FLO,34.1936,-79.7289
924,FLR,43.8097,11.2003
925,FLW,39.4569,-31.1272
926,FMA,-26.21,-58.235
927,FMM,20.499,103.75
928,FMN,36.7387,-108.227
929,FMO,52.1312,7.69163
930,FMY,26.5815,-81.862
931,FNA,8.6181,-13.1994
932,FNC,32.6919,-16.7768
933,FNI,43.7618,4.42092
934,FNJ,39.1437,125.695
935,FNL,40.4505,-105.008
936,FNT,42.9756,-83.7411
937,FOC,26.0833,119.283
938,FOD,42.5523,-94.1819
939,FOG,41.4341,15.5438
940,FOR,-3.7758,-38.5322
941,FPO,26.5561,-78.6986
942,FRA,50.0483,8.57041
943,FRC,-20.5897,-47.3819
944,FRD,48.5252,-123.027
945,FRE,-8.1,159.583
946,FRL,44.1953,12.0686
947,FRO,61.5863,5.02484
948,FRS,16.9139,-89.8664
949,FRU,43.0603,74.4866
950,FRW,-21.16,27.4825
951,FSC,41.5022,9.0968
952,FSD,43.5813,-96.7317
953,FSM,36.1881,-94.4944
954,FSP,46.7708,-56.1667
955,FTA,-19.5267,170.215
956,FTE,-50.3333,-72.25
957,FTU,-25.0381,46.9556
958,FUE,28.3997,-13.9998
959,FUG,37.8882,-82.9323
960,FUJ,32.6726,128.836
961,FUK,33.5971,130.443
962,FUN,-8.52982,179.189
963,FUT,-14.25,-178.15
964,FWA,40.9883,-85.1899
965,FWM,56.8179,-5.1039
966,FYU,66.5714,-145.25
967,FZO,51.5194,-2.5761
968,GAE,33.8792,10.1028
969,GAF,34.4222,8.81944
970,GAJ,38.4109,140.37
971,GAL,64.7404,-156.931
972,GAM,63.7667,-171.738
973,GAN,-0.6912,73.16
974,GAO,20.143,-75.209
975,GAU,26.0857,91.5669
976,GAX,-2.7639,9.98581
977,GAY,24.7443,84.9493
978,GBD,38.352,-98.853
979,GBE,-24.5558,25.9189
980,GBJ,15.8714,-61.2647
981,GBT,36.8281,54.4392
982,GCC,44.3465,-105.533
983,GCI,49.4341,-2.60003
984,GCK,37.9267,-100.719
985,GCM,19.2925,-81.3589
986,GDE,5.93461,43.5318
987,GDL,20.5347,-103.322
988,GDN,54.3821,18.454
989,GDO,7.2111,-70.7583
990,GDQ,12.5167,37.45
991,GDT,21.4439,-71.1425
992,GDX,59.8984,150.71
993,GEA,-22.2667,166.467
994,GEG,47.625,-117.538
995,GEL,-28.2808,-54.1683
996,GEO,6.5003,-58.2542
997,GER,21.8375,-82.78
998,GES,6.1094,125.235
999,GET,-28.7975,114.706
1000,GEV,67.1345,20.8126
1001,GFF,-34.2454,146.068
1002,GFK,47.9494,-97.1762
1003,GFN,-29.7562,153.031
1004,GGG,32.3874,-94.7194
1005,GGT,23.5611,-75.8744
1006,GHA,32.3828,3.7964
1007,GHB,25.2839,-76.3308
1008,GHT,25.1325,10.1489
1009,GIB,36.1522,-5.3472
1010,GIC,-9.2622,142.214
1011,GIG,-22.8094,-43.25
1012,GIL,35.9192,74.3358
1013,GIS,-38.66,177.978
1014,GIZ,16.9069,42.5819
1015,GJA,16.4591,-85.9034
1016,GJL,36.7942,5.8769
1017,GJT,39.1217,-108.529
1018,GKA,-6.0828,145.396
1019,GLA,55.8646,-4.43234
1020,GLF,8.6525,-83.1828
1021,GLH,33.4819,-90.9903
1022,GLK,6.7786,47.4528
1023,GLN,28.9839,-10.0603
1024,GLO,51.8925,-2.1633
1025,GLT,-23.87,151.226
1026,GLV,64.5433,-163.033
1027,GMA,3.2347,19.7719
1028,GMB,13.4454,-15.3114
1029,GMP,37.5563,126.793
1030,GMR,-23.0831,-134.887
1031,GMZ,28.0252,-17.2148
1032,GNB,45.3614,5.33214
1033,GND,12.0056,-61.7867
1034,GNU,59.1218,-161.588
1035,GNV,29.6861,-82.277
1036,GOA,44.4119,8.84633
1037,GOH,64.1922,-51.6825
1038,GOI,15.3818,73.8265
1039,GOJ,56.2153,43.783
1040,GOM,-1.6661,29.2344
1041,GOP,22.5552,88.3685
1042,GOQ,36.8135,95.3498
1043,GOT,57.6693,12.2957
1044,GOU,9.3361,13.3756
1045,GOV,-12.2747,136.826
1046,GPA,38.1519,21.4272
1047,GPI,2.5806,-77.9083
1048,GPS,-0.45,-90.2625
1049,GPT,30.4133,-89.072
1050,GRB,44.4923,-88.1274
1051,GRJ,-34.005,22.3792
1052,GRK,31.0615,-97.8206
1053,GRO,41.8992,2.7646
1054,GRQ,53.1273,6.58249
1055,GRR,42.8841,-85.5307
1056,GRU,-23.435,-46.4728
1057,GRV,43.3964,45.6868
1058,GRW,39.0936,-28.0297
1059,GRX,37.1876,-3.77498
1060,GRY,66.5439,-18.0117
1061,GRZ,46.9902,15.4389
1062,GSE,57.7774,11.8648
1063,GSM,36.0347,14.3106
1064,GSO,36.1038,-79.9427
1065,GSP,34.8907,-82.2167
1066,GST,58.4246,-135.707
1067,GSY,53.4533,-0.2
1068,GTA,-8.72906,162.855
1069,GTE,-13.9743,136.462
1070,GTF,47.482,-111.356
1071,GTO,0.6339,122.846
1072,GTR,33.4516,-88.5876
1073,GTS,-31.875,136.081
1074,GUA,14.5819,-90.5275
1075,GUC,38.5356,-106.941
1076,GUM,13.4833,144.796
1077,GUR,-10.3108,150.339
1078,GUW,47.1133,51.8457
1079,GVA,46.2329,6.10682
1080,GVR,-18.8958,-41.9856
1081,GWD,25.2306,62.3389
1082,GWL,26.2843,78.2288
1083,GWT,54.9139,8.33126
1084,GWY,53.3016,-8.94049
1085,GXF,15.9625,48.7877
1086,GXG,-7.7547,15.2919
1087,GYA,-10.8276,-65.3993
1088,GYD,40.3781,49.8028
1089,GYE,-2.1533,-79.8833
1090,GYL,-16.6364,128.449
1091,GYM,27.9689,-110.924
1092,GYN,-16.6294,-49.2261
1093,GZO,-8.0749,156.832
1094,GZT,36.9481,37.4783
1095,HAA,70.4849,22.1126
1096,HAC,33.1153,139.784
1097,HAD,56.6819,12.8164
1098,HAE,36.2306,-112.669
1099,HAH,-11.5319,43.2611
1100,HAJ,52.4586,9.69459
1101,HAK,20.0204,110.348
1102,HAM,53.6321,10.0042
1103,HAN,21.2263,105.815
1104,HAQ,6.75785,73.1472
1105,HAS,27.4433,41.6872
1106,HAU,59.3436,5.21246
1107,HAV,22.9894,-82.4075
1108,HBA,-42.8375,147.506
1109,HBE,30.9183,29.6914
1110,HBT,23.9176,45.0811
1111,HBX,15.364,75.1131
1112,HCN,22.0403,120.735
1113,HCR,62.2016,-159.77
1114,HDB,49.4167,8.71667
1115,HDD,25.3142,68.3656
1116,HDF,53.8788,14.1383
1117,HDM,34.8692,48.5522
1118,HDN,40.485,-107.219
1119,HDS,-24.3578,31.0444
1120,HDY,6.9294,100.399
1121,HEA,34.2069,62.2267
1122,HEH,20.7439,96.7944
1123,HEI,54.153,8.89555
1124,HEK,50.25,127.3
1125,HEL,60.3243,24.9688
1126,HER,35.3397,25.1836
1127,HET,40.8543,111.821
1128,HFA,32.8111,35.0417
1129,HFE,31.7712,117.301
1130,HFS,60.026,13.5817
1131,HFT,70.6808,23.676
1132,HGA,9.5186,44.0903
1133,HGD,-20.8127,144.225
1134,HGH,30.3332,120.234
1135,HGL,51.0908,10.4542
1136,HGN,19.2989,97.9764
1137,HGU,-5.8272,144.295
1138,HHH,32.2267,-80.6989
1139,HHN,49.9454,7.26851
1140,HHQ,12.6281,99.95
1141,HHZ,-18.0363,-142.616
1142,HIB,47.3934,-92.8418
1143,HID,-10.5858,142.293
1144,HIJ,34.4368,132.922
1145,HIL,19.7192,-155.082
1146,HIN,35.085,128.072
1147,HIR,-9.4211,160.053
1148,HIS,-20.0543,148.884
1149,HJJ,34.668,104.166
1150,HJR,24.8496,79.9367
1151,HKB,63.8667,-148.967
1152,HKD,41.7706,140.824
1153,HKG,22.3124,113.929
1154,HKK,-42.7141,170.989
1155,HKN,-5.4628,150.404
1156,HKT,8.1106,98.3125
1157,HLA,-25.9353,27.925
1158,HLD,49.2,119.7
1159,HLH,46.0935,122.021
1160,HLN,46.6104,-111.99
1161,HLY,53.3167,-4.63333
1162,HLZ,-37.8632,175.328
1163,HMA,61.0286,69.0919
1164,HME,31.6739,6.1428
1165,HMO,29.0967,-111.047
1166,HMV,62.1984,17.5514
1167,HNA,39.4315,141.135
1168,HND,35.5533,139.771
1169,HNH,58.0966,-135.41
1170,HNL,21.3358,-157.919
1171,HNM,20.7944,-156.015
1172,HNS,59.2439,-135.524
1173,HOB,32.6929,-103.215
1174,HOD,14.755,42.9858
1175,HOE,20.5,103.75
1176,HOF,23.9176,45.0811
1177,HOG,20.7853,-76.315
1178,HOH,47.3833,9.7
1179,HOI,-18.0753,-140.946
1180,HOM,59.6408,-151.499
1181,HON,44.3833,-98.2333
1182,HOQ,50.2893,11.866
1183,HOR,38.52,-28.7172
1184,HOU,29.6572,-95.2795
1185,HOV,62.1804,6.07624
1186,HPA,-19.8,-174.35
1187,HPB,61.5262,-166.142
1188,HPH,20.8192,106.726
1189,HPN,41.0693,-73.7042
1190,HRB,45.6281,126.252
1191,HRE,-17.9228,31.1014
1192,HRG,27.1858,33.7981
1193,HRK,49.9245,36.2946
1194,HRL,26.2216,-97.663
1195,HRT,54.0486,-1.25333
1196,HSG,33.1508,130.302
1197,HSL,65.7024,-156.387
1198,HSN,29.935,122.359
1199,HSV,34.6492,-86.7767
1200,HTA,52.1138,113.498
1201,HTG,71.9751,102.493
1202,HTI,-20.3563,148.95
1203,HTN,40.5,78.5
1204,HTS,38.37,-82.5542
1205,HUH,-16.6867,-151.019
1206,HUI,16.3988,107.7
1207,HUN,24.0257,121.613
1208,HUQ,29.1117,15.9661
1209,HUS,66.0443,-154.258
1210,HUV,61.7683,17.0855
1211,HUX,15.7739,-96.2625
1212,HUY,53.5833,-0.34925
1213,HUZ,23.0957,114.398
1214,HVA,-14.6289,47.7667
1215,HVB,-25.2839,152.836
1216,HVD,48.0167,91.6333
1217,HVG,71.0099,25.9767
1218,HVN,41.2709,-72.89
1219,HVR,48.5461,-109.773
1220,HYA,41.6667,-70.2863
1221,HYD,17.4522,78.4629
1222,HYG,55.205,-132.822
1223,HYL,55.4833,-132.65
1224,HYN,60.8929,15.9744
1225,HYS,38.8546,-99.2737
1226,HZG,33.0677,107.007
1227,HZH,32.7833,106.667
1228,IAA,67.4538,86.4912
1229,IAD,38.9556,-77.4484
1230,IAG,43.1,-78.9423
1231,IAH,29.9784,-95.3424
1232,IAM,28.0511,9.6381
1233,IAN,66.9699,-160.429
1234,IAS,47.1814,27.617
1235,IBA,7.3608,3.9781
1236,IBE,4.425,-75.1394
1237,IBZ,38.8755,1.36851
1238,ICI,-17.7518,-179.307
1239,ICN,37.4534,126.657
1240,ICT,37.6531,-97.43
1241,IDA,43.5147,-112.068
1242,IDR,22.7197,75.807
1243,IEG,52.1282,15.7975
1244,IEV,50.4069,30.4456
1245,IFJ,66.0548,-23.1301
1246,IFN,32.7514,51.8639
1247,IFO,48.8833,24.6833
1248,IFP,35.1657,-114.557
1249,IGA,20.9767,-73.6656
1250,IGG,59.3167,-155.9
1251,IGM,35.2692,-113.957
1252,IGR,-25.7422,-54.4753
1253,IGS,49.6622,9.9275
1254,IGU,-25.5958,-54.4864
1255,IHR,32.4207,53.6824
1256,IIL,32.4207,53.6824
1257,IJK,56.8346,53.2026
1258,IKA,35.5683,51.4436
1259,IKO,52.9389,-168.868
1260,IKS,71.6969,128.908
1261,IKT,52.2604,104.404
1262,ILF,56.0557,-95.5897
1263,ILI,59.7555,-154.918
1264,ILM,34.2668,-77.912
1265,ILN,39.4348,-83.7982
1266,ILO,10.7144,122.544
1267,ILP,-22.609,167.478
1268,ILR,8.4397,4.4947
1269,ILY,55.6835,-6.24856
1270,ILZ,49.2333,18.6179
1271,IMF,24.7611,93.8972
1272,IMK,29.9667,81.8333
1273,IMP,-5.5303,-47.4669
1274,IMT,45.8153,-88.1185
1275,INC,38.4999,106.146
1276,IND,39.7322,-86.2707
1277,INH,-23.8731,35.4058
1278,INI,43.3381,21.8547
1279,INL,48.5661,-93.3978
1280,INN,47.2591,11.3566
1281,INT,36.1361,-80.2294
1282,INU,-0.54855,166.921
1283,INV,57.5399,-4.06352
1284,INZ,27.2453,2.5164
1285,IOA,39.6967,20.8258
1286,IOM,54.0819,-4.6269
1287,ION,1.5953,18.0522
1288,IOS,-14.8142,-39.0331
1289,IPA,-18.8134,169.166
1290,IPC,-27.1167,-109.367
1291,IPH,4.5669,101.096
1292,IPI,0.8611,-77.6681
1293,IPL,32.8332,-115.57
1294,IPN,-19.47,-42.4875
1295,IPT,41.2441,-76.9276
1296,IPW,52.0285,1.19325
1297,IQM,38.1333,85.5333
1298,IQN,36.1,107.783
1299,IQQ,-20.5356,-70.1842
1300,IQT,-3.7856,-73.3103
1301,IRA,-10.5,161.833
1302,IRC,65.8245,-144.063
1303,IRJ,-29.3847,-66.7833
1304,IRM,45.3517,-89.6665
1305,ISA,-20.6696,139.488
1306,ISB,33.6147,73.0967
1307,ISC,49.9167,-6.3
1308,ISG,24.3456,124.186
1309,ISN,48.1767,-103.631
1310,ISO,35.3243,-77.6115
1311,ISP,40.7891,-73.0984
1312,IST,40.9857,28.8163
1313,ITH,42.4898,-76.4627
1314,ITM,34.7857,135.439
1315,ITO,19.7126,-155.042
1316,IUE,-19.0787,-169.926
1317,IVC,-46.4124,168.309
1318,IVL,68.6064,27.4029
1319,IVR,-29.8892,151.142
1320,IWD,46.5208,-90.1344
1321,IWJ,-10.45,150.333
1322,IXA,23.89,91.2422
1323,IXB,26.7333,88.3333
1324,IXC,30.6751,76.7973
1325,IXD,25.4397,81.7361
1326,IXE,12.9812,74.8992
1327,IXG,15.8581,74.6189
1328,IXI,21.7866,82.7948
1329,IXJ,32.6917,74.8375
1330,IXL,34.1667,77.5833
1331,IXM,9.83543,78.0964
1332,IXR,23.3066,85.3353
1333,IXS,24.9667,92.5167
1334,IXU,19.8698,75.386
1335,IXW,22.8167,86.1667
1336,IXY,23.1119,70.1011
1337,IXZ,11.692,92.7097
1338,IYK,35.6606,-117.816
1339,IZO,35.4131,132.887
1340,JAC,43.6034,-110.736
1341,JAI,26.8165,75.8128
1342,JAL,19.5833,-96.8333
1343,JAN,32.3089,-90.0733
1344,JAV,69.25,-51
1345,JAX,30.4914,-81.676
1346,JCB,-27.1722,-51.5511
1347,JCH,68.8333,-51
1348,JCK,-20.669,141.722
1349,JCU,35.8879,-5.31601
1350,JDF,-21.7925,-43.385
1351,JDH,26.2564,73.0546
1352,JDO,-7.2181,-39.2706
1353,JDZ,29.293,117.203
1354,JED,21.706,39.1386
1355,JEF,38.593,-92.1652
1356,JEG,68.7075,-52.8069
1357,JEJ,7.58333,168.917
1358,JER,49.205,-2.19729
1359,JFK,40.6437,-73.79
1360,JFR,62,-49.65
1361,JGA,22.4633,70.0119
1362,JGC,35.9621,-112.133
1363,JGN,39.8574,98.3368
1364,JGO,69.25,-53.55
1365,JGS,27.1093,114.984
1366,JHB,1.6389,103.671
1367,JHG,22.0167,100.8
1368,JHM,20.9619,-156.676
1369,JHS,66.9273,-53.6754
1370,JHW,42.1528,-79.2666
1371,JIB,11.5467,43.1592
1372,JIJ,9.34587,42.7955
1373,JIK,37.6176,26.1614
1374,JIM,32.3834,-81.8349
1375,JIU,45.0377,23.2697
1376,JJN,24.9,118.583
1377,JJU,60.7483,-46.0317
1378,JKG,57.7522,14.0692
1379,JKH,38.345,26.1417
1380,JKL,37.5917,-83.315
1381,JLD,55.8848,12.8667
1382,JLN,37.147,-94.5019
1383,JLR,23.1778,80.0556
1384,JMK,37.4383,25.3472
1385,JMS,46.9243,-98.6788
1386,JMU,46.8333,130.35
1387,JNB,-26.1219,28.2467
1388,JNN,60.153,-45.2532
1389,JNS,61.1427,-45.4053
1390,JNU,58.3598,-134.583
1391,JNX,37.1,25.3833
1392,JNZ,39.1,121.717
1393,JOE,62.6629,29.6076
1394,JOG,-7.7889,110.43
1395,JOI,-26.223,-48.8046
1396,JOL,6.0553,121.009
1397,JPA,-7.1481,-34.9506
1398,JPR,-10.8703,-61.8461
1399,JQA,71.8021,-42.1772
1400,JRB,40.7039,-74.0129
1401,JRH,26.7286,94.1778
1402,JRO,-3.4278,37.0714
1403,JSA,26.8873,70.8636
1404,JSH,35.2113,26.1012
1405,JSI,39.1806,23.5056
1406,JSR,23.1833,89.1644
1407,JST,40.3208,-78.8306
1408,JSU,65.4177,-52.9269
1409,JSY,37.4236,24.95
1410,JTR,36.4033,25.4806
1411,JTY,36.5551,26.3533
1412,JUB,4.8722,31.5931
1413,JUJ,-24.3933,-65.0889
1414,JUL,-15.4642,-70.1544
1415,JUM,40.6152,-83.7891
1416,JUV,72.8,-56.15
1417,JUZ,36.8945,104.166
1418,JVA,-23.3548,43.6631
1419,JYR,28.7244,57.6683
1420,JYV,62.401,25.6748
1421,JZH,32.8369,103.682
1422,KAB,-16.5183,28.8853
1423,KAC,37.0333,41.0833
1424,KAD,10.695,7.3194
1425,KAJ,64.2845,27.6802
1426,KAL,64.3248,-158.725
1427,KAN,12.0444,8.5139
1428,KAO,65.9941,29.2214
1429,KAT,-35.0714,173.277
1430,KAW,10.0472,98.5408
1431,KAX,-27.8667,114.133
1432,KBC,66.2667,-145.8
1433,KBL,34.5642,69.2094
1434,KBP,50.3405,30.9025
1435,KBR,6.1683,102.293
1436,KBV,7.98237,98.8406
1437,KCA,41.5667,82.7333
1438,KCC,56.014,-132.826
1439,KCF,30.4419,69.3597
1440,KCG,56.3173,-158.596
1441,KCH,1.485,110.342
1442,KCL,56.3065,-158.537
1443,KCM,37.5907,36.9414
1444,KCQ,56.3119,-158.362
1445,KCZ,33.5468,133.672
1446,KDH,31.5069,65.8475
1447,KDI,-4.0811,122.417
1448,KDL,59.0013,22.8181
1449,KDM,6.56889,-7.71056
1450,KDO,5.22745,73.0989
1451,KDU,35.3,75.6333
1452,KDV,-19.05,178.217
1453,KEB,41.0833,-92.4583
1454,KEF,63.9853,-22.6042
1455,KEJ,55.3227,86.0229
1456,KEK,59.3516,-157.48
1457,KEM,65.7786,24.5814
1458,KEP,28,81.6333
1459,KER,30.2633,56.9583
1460,KET,21.3014,99.6378
1461,KEW,62.3587,-96.5821
1462,KFA,16.5889,-11.4053
1463,KFP,54.85,-163.417
1464,KGA,-5.9,22.4706
1465,KGC,-35.7158,137.521
1466,KGD,54.8056,21.3394
1467,KGE,5.88333,116.75
1468,KGF,49.6671,73.3303
1469,KGI,-30.7896,121.461
1470,KGK,59.7266,-157.26
1471,KGL,-1.9678,30.14
1472,KGP,62.1906,74.5339
1473,KGS,36.7956,27.0917
1474,KGX,62.9053,-160.067
1475,KHG,39.5415,76.0176
1476,KHH,22.5698,120.345
1477,KHI,24.8984,67.1518
1478,KHM,11.9848,104.984
1479,KHN,28.6316,115.931
1480,KHS,26.1733,56.2403
1481,KHV,48.5241,135.171
1482,KHY,38.5556,44.9958
1483,KHZ,-17.6902,-149.376
1484,KID,55.9241,14.0819
1485,KIF,53.0308,-89.8335
1486,KIH,26.5267,53.9817
1487,KIJ,37.9553,139.113
1488,KIK,35.4681,44.3536
1489,KIM,-28.8014,24.7639
1490,KIN,17.9305,-76.7898
1491,KIR,52.1767,-9.5333
1492,KIS,-0.0861,34.7278
1493,KIT,36.261,22.9993
1494,KIV,46.9296,28.9389
1495,KIX,34.4295,135.244
1496,KJA,56.1688,92.4987
1497,KKA,64.9311,-161.16
1498,KKB,58.1869,-152.375
1499,KKC,16.465,102.791
1500,KKD,-8.94828,148.314
1501,KKE,-35.2584,173.908
1502,KKH,62.8903,-149.054
1503,KKI,60.9057,-161.424
1504,KKJ,33.839,131.033
1505,KKN,69.726,29.8958
1506,KKR,-17.6902,-149.376
1507,KKU,58.8167,-158.55
1508,KLG,61.5382,-160.314
1509,KLH,16.6667,74.3333
1510,KLL,59.1126,-156.856
1511,KLN,57.5383,-153.98
1512,KLO,11.6828,122.377
1513,KLR,56.678,16.2856
1514,KLU,46.6428,14.3429
1515,KLV,50.2009,12.9149
1516,KLW,55.5743,-133.064
1517,KLX,37.0678,22.0267
1518,KMA,-7.9636,145.77
1519,KMC,57.1333,-153.2
1520,KME,-2.4614,28.9092
1521,KMG,24.966,102.733
1522,KMI,31.8771,131.449
1523,KMJ,32.8346,130.849
1524,KMO,58.9817,-159.058
1525,KMQ,36.394,136.408
1526,KMS,6.7172,-1.5911
1527,KMV,23.1869,94.0556
1528,KMY,57,-154.167
1529,KND,-2.9225,25.9139
1530,KNF,51.3667,-0.283333
1531,KNG,-2.29861,134.059
1532,KNH,24.4583,118.376
1533,KNK,59.4333,-154.85
1534,KNQ,-21,164.675
1535,KNS,-39.8797,143.881
1536,KNU,26.4414,80.3656
1537,KNW,59.4513,-157.317
1538,KNX,-15.7756,128.715
1539,KOA,19.7334,-156.039
1540,KOC,32.4981,-89.8925
1541,KOE,-10.1739,123.658
1542,KOI,58.9549,-2.9026
1543,KOJ,31.8,130.718
1544,KOK,63.7211,23.1438
1545,KOP,17.404,104.771
1546,KOT,63.0328,-163.554
1547,KOU,21.3602,-157.919
1548,KOW,25.8224,114.907
1549,KOY,47.902,-112.265
1550,KOZ,62.8903,-149.054
1551,KPB,56.3502,-133.622
1552,KPC,65.2544,-166.856
1553,KPN,59.9371,-164.041
1554,KPO,35.9847,129.419
1555,KPR,58.4833,-152.583
1556,KPV,55.9122,-159.154
1557,KPY,58.743,-154.96
1558,KQA,54.1271,-165.889
1559,KRF,63.0478,17.7633
1560,KRI,-6.65619,145.859
1561,KRK,50.0741,19.8011
1562,KRL,41.7333,86.15
1563,KRN,67.8239,20.3389
1564,KRP,56.3028,9.1141
1565,KRR,45.0441,39.1442
1566,KRS,58.1988,8.07792
1567,KRT,15.5917,32.5533
1568,KRY,45.5726,84.8891
1569,KSA,5.3183,162.97
1570,KSC,48.6548,21.2487
1571,KSD,59.444,13.3435
1572,KSF,51.4066,9.37722
1573,KSH,34.3489,47.1572
1574,KSJ,35.3903,26.9371
1575,KSL,15.3833,36.3236
1576,KSM,62.0503,-163.179
1577,KSN,53.2297,63.6038
1578,KSO,40.4508,21.2733
1579,KSQ,38.8042,65.7717
1580,KSU,63.1137,7.82585
1581,KSY,40.5828,43.0675
1582,KSZ,61.2165,46.6936
1583,KTA,-20.7108,116.776
1584,KTB,55.6833,-132.529
1585,KTE,4.5378,103.428
1586,KTM,27.6969,85.3594
1587,KTN,55.354,-131.706
1588,KTS,65.3333,-166.483
1589,KTT,67.695,24.8508
1590,KTW,50.4819,19.0772
1591,KUA,3.7747,103.21
1592,KUD,33.0758,75.2973
1593,KUF,53.5067,50.166
1594,KUG,-31.875,136.081
1595,KUH,43.043,144.194
1596,KUK,60.8953,-162.517
1597,KUL,2.77859,101.689
1598,KUN,54.9863,24.0512
1599,KUO,63.0071,27.7979
1600,KUS,65.5667,-37.1167
1601,KUT,32.507,45.8217
1602,KUU,31.8729,77.1482
1603,KUV,35.9017,126.618
1604,KVA,40.915,24.6203
1605,KVB,58.4529,13.9643
1606,KVC,55.0667,-162.317
1607,KVD,40.6844,46.3488
1608,KVG,-2.5806,150.807
1609,KVK,67.5757,33.5691
1610,KVL,67.7333,-164.667
1611,KVR,49.1825,-0.45906
1612,KWA,8.7147,167.727
1613,KWE,26.9015,106.585
1614,KWI,29.2442,47.9748
1615,KWJ,35.125,126.811
1616,KWK,59.9077,-163.026
1617,KWL,25.1921,110.305
1618,KWM,-15.4878,141.76
1619,KWN,59.7511,-161.908
1620,KWP,57.7696,-153.554
1621,KWT,60.8,-161.45
1622,KWZ,-10.7667,25.5069
1623,KXA,55.5,-132.5
1624,KXF,-17.3167,179.383
1625,KXK,50.4029,136.946
1626,KXU,-16.4333,-1.36667
1627,KYA,37.9797,32.5622
1628,KYK,57.5645,-154.454
1629,KYN,52.8833,-1.97685
1630,KYP,19.4267,93.5347
1631,KYS,14.4319,-11.4397
1632,KYU,64.9,-157.7
1633,KYZ,51.6636,94.1494
1634,KZB,57.55,-153.75
1635,KZI,40.2886,21.8419
1636,KZN,55.6014,49.2751
1637,KZO,44.8172,65.5435
1638,KZS,36.1355,29.5754
1639,LAD,-8.8547,13.2342
1640,LAE,-6.5672,146.725
1641,LAI,48.756,-3.47109
1642,LAJ,-27.7831,-50.2825
1643,LAK,68.2332,-134.96
1644,LAN,42.7728,-84.5888
1645,LAO,18.1797,120.529
1646,LAP,24.0722,-110.362
1647,LAQ,32.76,21.7616
1648,LAR,37.8527,-76.517
1649,LAS,36.0806,-115.143
1650,LAU,-2.25,40.8333
1651,LAW,34.573,-98.4135
1652,LAX,33.9456,-118.391
1653,LBA,53.8685,-1.66123
1654,LBB,33.6566,-101.821
1655,LBC,53.8061,10.7032
1656,LBD,40.2833,69.6167
1657,LBE,40.2728,-79.4056
1658,LBF,41.1333,-100.705
1659,LBJ,-8.51667,119.883
1660,LBL,37.0446,-100.952
1661,LBP,3.18333,115.45
1662,LBS,-16.5729,179.265
1663,LBU,5.3,115.249
1664,LBV,0.4592,9.4153
1665,LCA,34.8789,33.6303
1666,LCE,15.7433,-86.8528
1667,LCG,43.3026,-8.37867
1668,LCH,30.1235,-93.2198
1669,LCJ,51.7217,19.3989
1670,LCK,39.8176,-82.936
1671,LCR,-0.73333,-73.0167
1672,LCX,19.3542,-99.2925
1673,LCY,51.5039,0.04981
1674,LDB,-23.3297,-51.1361
1675,LDE,43.1857,0.00346
1676,LDG,64.9029,45.708
1677,LDH,-31.5392,159.08
1678,LDN,27.3,86.75
1679,LDU,5.0319,118.324
1680,LDV,48.5303,-4.1508
1681,LDY,55.0402,-7.156
1682,LEA,-22.233,114.092
1683,LEB,43.6249,-72.3087
1684,LED,59.9667,30.3
1685,LEH,40.3897,-111.847
1686,LEI,36.8459,-2.37221
1687,LEJ,51.4197,12.2201
1688,LEN,34.1697,77.53
1689,LER,-27.873,120.61
1690,LET,-4.19332,-69.9402
1691,LEV,37.2127,-83.6199
1692,LEX,38.0384,-84.5989
1693,LFM,27.3739,53.1911
1694,LFT,30.2084,-91.9935
1695,LFW,6.1625,1.255
1696,LGA,40.7731,-73.8756
1697,LGB,33.8186,-118.144
1698,LGG,50.64,5.44035
1699,LGI,23.1794,-75.0906
1700,LGK,6.3364,99.7353
1701,LGL,3.41667,115.15
1702,LGP,13.1578,123.731
1703,LGQ,0.1,-76.8833
1704,LGW,51.1568,-0.16988
1705,LHE,31.521,74.3933
1706,LHG,-29.4531,147.981
1707,LHR,51.4703,-0.45342
1708,LHW,36.0167,103.75
1709,LIF,-20.9314,167.229
1710,LIG,45.8615,1.1779
1711,LIH,21.9782,-159.351
1712,LIL,50.5713,3.1072
1713,LIM,-12.0228,-77.1081
1714,LIN,45.4558,9.27269
1715,LIO,9.9578,-83.0291
1716,LIR,10.5922,-85.5439
1717,LIS,38.7701,-9.13775
1718,LIT,34.7278,-92.219
1719,LIW,19.6886,97.2169
1720,LJG,37.8167,118.017
1721,LJU,46.2247,14.4608
1722,LKA,-8.34641,122.979
1723,LKB,-18.2,178.833
1724,LKE,47.6333,-122.333
1725,LKG,4.20388,34.3495
1726,LKH,3.31667,114.783
1727,LKL,70.0661,24.975
1728,LKN,68.1564,13.6121
1729,LKO,26.7667,80.8833
1730,LLA,65.549,22.1233
1731,LLF,26.2333,111.617
1732,LLI,12.009,38.91
1733,LLU,60.5,-45.5833
1734,LLW,-13.7917,33.7792
1735,LMA,63.8825,-152.313
1736,LMC,3.31667,-73.9
1737,LMM,25.6856,-109.082
1738,LMN,2.91165,112.609
1739,LMP,35.4995,12.6165
1740,LMT,42.1638,-121.745
1741,LMY,-7.18482,142.374
1742,LNB,-16.5833,168.183
1743,LNE,-15.8667,168.177
1744,LNJ,25.1902,101.824
1745,LNK,40.8461,-96.7543
1746,LNO,-28.8776,121.315
1747,LNV,-3.06667,152.617
1748,LNY,20.7909,-156.951
1749,LNZ,48.2338,14.1905
1750,LOD,31.9587,34.8864
1751,LOH,-3.96911,-79.2116
1752,LOS,6.575,3.3222
1753,LOU,38.2228,-85.6669
1754,LOV,26.9561,-101.467
1755,LPA,27.9372,-15.3828
1756,LPB,-16.5094,-68.1906
1757,LPD,-1.3,-69.7167
1758,LPI,58.4082,15.6586
1759,LPK,52.6194,39.6597
1760,LPL,53.3371,-2.85746
1761,LPM,-16.4445,167.819
1762,LPP,61.0465,28.1536
1763,LPQ,19.8958,102.164
1764,LPS,48.4855,-122.936
1765,LPT,18.2742,99.5072
1766,LPX,56.501,21.0897
1767,LPY,45.0757,3.76327
1768,LQM,-0.12003,-74.8204
1769,LRD,27.5431,-99.4555
1770,LRE,-23.4375,144.278
1771,LRH,46.1766,-1.19372
1772,LRM,18.4103,-68.9417
1773,LRR,27.6868,54.3334
1774,LRS,37.1847,26.8017
1775,LRT,47.7545,-3.43763
1776,LSA,-6.65619,145.859
1777,LSC,-29.9111,-71.1978
1778,LSE,43.8751,-91.2638
1779,LSH,22.9767,97.7558
1780,LSI,59.877,-1.29733
1781,LSP,11.7794,-70.1525
1782,LSS,15.8686,-61.5778
1783,LST,-41.5469,147.213
1784,LSY,-28.8249,153.259
1785,LTD,30.147,9.50288
1786,LTI,44.9167,95.4167
1787,LTK,35.4028,35.95
1788,LTN,51.8796,-0.37548
1789,LTO,25.9858,-111.353
1790,LTT,43.2037,6.47477
1791,LTX,0.933333,-78.6167
1792,LUA,27.6833,86.7333
1793,LUD,-26.6839,15.245
1794,LUF,33.5355,-112.372
1795,LUG,46.0013,8.90909
1796,LUM,24.4833,98.5167
1797,LUN,-15.3292,28.4528
1798,LUO,-11.791,19.9046
1799,LUP,21.2077,-156.976
1800,LUQ,-33.2744,-66.3586
1801,LUR,68.8482,-166.118
1802,LUV,0.10974,113.917
1803,LUX,49.6269,6.20685
1804,LVI,-17.8208,25.8225
1805,LVO,-28.6083,122.417
1806,LWB,37.8571,-80.4044
1807,LWE,0.10974,113.917
1808,LWN,40.7859,43.8439
1809,LWO,49.7977,23.9695
1810,LWS,46.3776,-117.011
1811,LWT,47.0552,-109.46
1812,LWY,4.8615,115.406
1813,LXA,29.6355,91.1646
1814,LXG,20.9667,101.4
1815,LXR,25.675,32.7075
1816,LXS,39.9214,25.2417
1817,LYA,34.6833,112.467
1818,LYB,19.6901,-80.0385
1819,LYC,64.5501,18.7082
1820,LYG,34.5995,119.141
1821,LYH,37.3309,-79.1944
1822,LYI,35.0631,118.343
1823,LYP,31.3692,72.9981
1824,LYR,78.1917,15.9
1825,LYS,45.7198,5.08245
1826,LZC,17.9889,-102.219
1827,LZH,24.2717,109.372
1828,LZN,26.1497,119.939
1829,LZO,28.8516,105.401
1830,MAA,12.9849,80.1634
1831,MAB,-5.3533,-49.1336
1832,MAD,40.4684,-3.56769
1833,MAF,31.9361,-102.208
1834,MAG,-5.21,145.787
1835,MAH,39.8652,4.22383
1836,MAJ,7.0605,171.275
1837,MAK,9.5556,31.6444
1838,MAM,25.7694,-97.5239
1839,MAN,53.365,-2.27089
1840,MAO,-3.0392,-60.0469
1841,MAR,10.5614,-71.7253
1842,MAS,-2.1052,146.926
1843,MAU,-16.4311,-152.28
1844,MAZ,18.2531,-67.1489
1845,MBA,-4.0314,39.5936
1846,MBD,-25.8,25.545
1847,MBE,44.3046,143.404
1848,MBH,-25.515,152.714
1849,MBJ,18.5042,-77.9125
1850,MBL,44.2757,-86.2558
1851,MBS,43.5311,-84.0933
1852,MBT,12.3703,123.628
1853,MBU,-9.73333,160.75
1854,MCE,37.2892,-120.515
1855,MCG,62.9536,-155.603
1856,MCI,39.2992,-94.7171
1857,MCK,40.2071,-100.599
1858,MCM,43.7278,7.41875
1859,MCN,32.7023,-83.65
1860,MCO,28.4418,-81.3115
1861,MCP,0.0525,-51.0675
1862,MCT,23.5917,58.2792
1863,MCV,47.452,-122.288
1864,MCW,43.153,-93.3361
1865,MCX,42.8209,47.6288
1866,MCY,-26.6035,153.091
1867,MCZ,-9.5117,-35.8
1868,MDC,1.5486,124.926
1869,MDE,6.1675,-75.4267
1870,MDG,44.6,129.5
1871,MDK,0.0233,18.2922
1872,MDL,21.9392,96.0914
1873,MDQ,-37.9347,-57.5764
1874,MDS,21.7905,-71.7664
1875,MDT,40.1962,-76.7564
1876,MDU,-6.65619,145.859
1877,MDW,41.7875,-87.7416
1878,MDZ,-32.8319,-68.7847
1879,MEA,-22.3422,-41.7633
1880,MEC,-0.95,-80.6833
1881,MED,24.5517,39.7025
1882,MEE,-21.5021,167.964
1883,MEG,-9.5236,16.3158
1884,MEH,71.0333,27.8333
1885,MEI,32.3334,-88.7449
1886,MEL,-37.6759,144.844
1887,MEM,35.047,-89.9823
1888,MES,3.5606,98.6708
1889,MEX,19.4344,-99.0742
1890,MEY,40.1494,-91.5043
1891,MFE,26.1813,-98.2404
1892,MFJ,-18.6045,179.924
1893,MFK,23.5998,121.024
1894,MFM,22.1845,113.532
1895,MFR,42.3691,-122.874
1896,MFU,-13.2597,31.9347
1897,MGA,12.1411,-86.1686
1898,MGB,-37.7466,140.787
1899,MGF,-23.4394,-51.9061
1900,MGH,-30.8569,30.3417
1901,MGM,32.3049,-86.3909
1902,MGQ,2.0136,45.3047
1903,MGS,-21.9103,-157.921
1904,MGT,-18.5572,133.501
1905,MGW,39.6411,-79.9241
1906,MGZ,12.4458,98.625
1907,MHD,36.2358,59.6392
1908,MHG,49.4762,8.52105
1909,MHH,26.5111,-77.0847
1910,MHK,39.1368,-96.6699
1911,MHP,53.8713,27.5352
1912,MHQ,60.1249,19.9075
1913,MHR,38.5646,-121.297
1914,MHT,42.9293,-71.4386
1915,MIA,25.7953,-80.2727
1916,MID,20.9361,-89.6575
1917,MIG,31.4833,104.733
1918,MII,-22.1953,-49.9261
1919,MIM,-36.9081,149.903
1920,MIR,35.7611,10.7556
1921,MIS,46.2127,11.9079
1922,MJA,-23.3548,43.6631
1923,MJD,27.3364,68.1417
1924,MJF,65.7833,13.2167
1925,MJI,26.3385,17.2688
1926,MJK,-25.8881,113.578
1927,MJL,-1.56087,11.1955
1928,MJM,-6.1214,23.5697
1929,MJN,-15.6658,46.3531
1930,MJT,39.0606,26.5981
1931,MJV,37.7697,-0.82098
1932,MJZ,62.5168,113.973
1933,MKC,39.1197,-94.5906
1934,MKE,42.9471,-87.9051
1935,MKG,43.1646,-86.2367
1936,MKK,21.1557,-157.094
1937,MKM,2.91165,112.609
1938,MKP,-16.5978,-143.662
1939,MKQ,-8.5183,140.422
1940,MKR,-26.6091,118.551
1941,MKU,0.5792,12.8922
1942,MKW,-0.8911,134.051
1943,MKY,-21.1703,149.183
1944,MLA,35.8586,14.4781
1945,MLB,28.0957,-80.6282
1946,MLE,4.167,73.4974
1947,MLG,-7.98189,112.627
1948,MLH,47.5998,7.53134
1949,MLI,41.4539,-90.5058
1950,MLL,61.8833,-162.067
1951,MLM,19.8464,-101.029
1952,MLN,35.2825,-2.9569
1953,MLO,36.7137,24.5118
1954,MLU,32.5099,-92.044
1955,MLW,6.2897,-10.7581
1956,MLX,38.435,38.0911
1957,MLY,64.9812,-150.637
1958,MMB,43.8814,144.163
1959,MME,54.5116,-1.43475
1960,MMG,-24.4378,121.079
1961,MMH,37.6288,-118.844
1962,MMK,68.7794,32.7434
1963,MMO,15.2209,-23.1762
1964,MMX,55.5406,13.3666
1965,MMY,24.7824,125.295
1966,MNF,-17.6611,177.119
1967,MNG,-12.06,134.233
1968,MNJ,-21.2017,48.3583
1969,MNL,14.5114,121.016
1970,MNT,65.1987,-149.53
1971,MNU,16.4417,97.6694
1972,MOA,38.5702,-109.553
1973,MOB,30.6775,-88.243
1974,MOC,-16.7044,-43.8203
1975,MOD,37.6319,-120.959
1976,MOF,-8.6381,122.24
1977,MOG,37.3729,-87.1361
1978,MOI,-19.8167,-157.717
1979,MOL,62.7466,7.26397
1980,MOQ,-20.2836,44.3183
1981,MOT,48.2554,-101.291
1982,MOU,62.0833,-163.733
1983,MOV,-22.0574,148.077
1984,MOZ,-17.5328,-149.839
1985,MPA,-17.6342,24.1806
1986,MPH,11.9,121.917
1987,MPL,43.5807,3.96039
1988,MPM,-25.9211,32.5694
1989,MPN,-51.8222,-58.4417
1990,MQF,53.45,59.0667
1991,MQL,-34.2308,142.084
1992,MQM,37.2233,40.6317
1993,MQN,66.3643,14.3035
1994,MQP,-25.5,30.9167
1995,MQT,46.3501,-87.3871
1996,MQX,13.4667,39.5167
1997,MRA,32.3325,15.0617
1998,MRD,8.5853,-71.1597
1999,MRE,-1.3944,35.0089
2000,MRS,43.4411,5.22087
2001,MRU,-20.4272,57.6767
2002,MRV,44.2026,43.1352
2003,MRY,36.5872,-121.851
2004,MRZ,-29.494,149.851
2005,MSA,53.8333,-92
2006,MSE,51.3448,1.35733
2007,MSJ,40.7053,141.361
2008,MSL,34.7439,-87.6185
2009,MSN,43.1351,-89.3465
2010,MSO,46.9192,-114.084
2011,MSP,44.8793,-93.1987
2012,MSQ,53.8873,28.0344
2013,MSR,38.7472,41.6589
2014,MSS,44.9326,-74.8535
2015,MST,50.9157,5.76967
2016,MSU,-29.4581,27.5556
2017,MSW,15.6,39.4333
2018,MSY,29.983,-90.2569
2019,MSZ,-15.1972,12.1551
2020,MTJ,38.5003,-107.899
2021,MTM,55.1333,-131.583
2022,MTR,8.8306,-75.8247
2023,MTS,-26.5204,31.3146
2024,MTT,18.0833,-94.5961
2025,MTV,-13.8167,167.7
2026,MTY,25.7783,-100.107
2027,MUA,-8.3272,157.261
2028,MUB,-19.9708,23.4306
2029,MUC,48.354,11.7816
2030,MUE,19.9983,-155.675
2031,MUH,31.3253,27.2208
2032,MUK,-20.1333,-157.35
2033,MUN,9.7514,-63.1528
2034,MUR,4.175,114.33
2035,MUX,30.2028,71.4181
2036,MUZ,-1.77227,33.9811
2037,MVB,-1.6569,13.4397
2038,MVD,-34.8291,-56.0323
2039,MVP,1.13333,-70.05
2040,MVR,10.4533,14.2564
2041,MVS,-18.0492,-39.8653
2042,MVT,-17.6902,-149.376
2043,MVY,41.3895,-70.6112
2044,MWA,37.7467,-89.0104
2045,MWF,-15.1609,168.145
2046,MWN,-3.59224,33.5603
2047,MWQ,20.1403,94.928
2048,MWZ,-2.4469,32.9286
2049,MXH,-6.65619,145.859
2050,MXL,32.6308,-115.242
2051,MXM,-21.7506,43.3742
2052,MXN,48.5987,-3.81735
2053,MXP,45.6314,8.72284
2054,MXT,-27.2167,-65.1333
2055,MXV,49.663,100.094
2056,MXX,60.9586,14.5049
2057,MXZ,24.35,116.133
2058,MYA,-35.8983,150.147
2059,MYD,-3.2261,40.1006
2060,MYE,34.0726,139.56
2061,MYG,22.3706,-72.9481
2062,MYI,-9.91682,144.051
2063,MYJ,33.8276,132.7
2064,MYL,44.8968,-116.096
2065,MYR,33.6821,-78.9228
2066,MYT,25.3844,97.3553
2067,MYU,60.3906,-166.191
2068,MYW,-10.3342,40.1808
2069,MYY,4.3256,113.984
2070,MZG,23.5631,119.634
2071,MZH,40.8303,35.5202
2072,MZI,14.5206,-4.0872
2073,MZL,5.0322,-75.4708
2074,MZO,20.2861,-77.0864
2075,MZR,36.7042,67.2083
2076,MZT,23.1625,-106.274
2077,MZV,4.03333,114.8
2078,NAA,-30.3208,149.826
2079,NAC,-36.9803,140.728
2080,NAG,21.0917,79.0486
2081,NAJ,22.8799,72.5687
2082,NAN,-17.7558,177.446
2083,NAO,30.7556,106.057
2084,NAP,40.8837,14.2815
2085,NAQ,77.5,-69.1667
2086,NAS,25.0406,-77.4719
2087,NAT,-5.84694,-35.2145
2088,NAU,-14.1667,-141.583
2089,NAV,32.5281,-87.2731
2090,NAW,6.5183,101.748
2091,NBC,59.4615,108.832
2092,NBO,-1.31697,36.9222
2093,NBW,19.9093,-75.2076
2094,NBX,-3.3617,135.494
2095,NCA,21.9167,-71.9425
2096,NCE,43.6638,7.21286
2097,NCL,55.0374,-1.70962
2098,NCN,60.0784,-148.017
2099,NCU,42.4833,59.6333
2100,NCY,45.931,6.10666
2101,NDB,20.9342,-17.0283
2102,NDG,47.5167,112.133
2103,NDJ,12.1347,15.035
2104,NDR,35.1678,-2.94411
2105,NER,17.611,8.08095
2106,NEV,17.2,-62.6
2107,NFO,-15.6022,-175.614
2108,NGB,29.8333,121.533
2109,NGE,7.3564,13.5614
2110,NGI,-18.0333,179.3
2111,NGO,34.8624,136.811
2112,NGS,32.9141,129.917
2113,NHA,12.2333,109.2
2114,NHV,-8.79383,-140.223
2115,NIB,45.9837,-108.028
2116,NIM,13.4817,2.1703
2117,NIP,30.2342,-81.6753
2118,NIU,21.3358,-157.919
2119,NJC,60.9518,76.4972
2120,NKC,18.0975,-15.9478
2121,NKG,32.0833,118.8
2122,NKI,55.8556,-133.183
2123,NKM,35.2527,136.924
2124,NLA,-12.9958,28.6631
2125,NLD,27.4422,-99.5686
2126,NLF,-9.5925,143.773
2127,NLG,56.0167,-161.15
2128,NLK,-29.0363,168.032
2129,NLV,47.05,31.9167
2130,NMA,40.9787,71.5677
2131,NME,60.4723,-164.699
2132,NNB,-10.8483,162.455
2133,NNG,22.6183,108.179
2134,NNL,59.9717,-154.847
2135,NNM,67.6167,53.15
2136,NNT,18.8097,100.787
2137,NNY,32.9959,112.527
2138,NOB,10.0053,-85.6625
2139,NOC,53.9133,-8.81129
2140,NOJ,63.5,75
2141,NOS,-13.3153,48.3103
2142,NOU,-22.0258,166.21
2143,NOV,-12.8064,15.7572
2144,NOZ,54.5183,86.9342
2145,NPE,-39.4689,176.867
2146,NPL,-39.0067,174.171
2147,NQN,-38.9489,-68.1569
2148,NQU,5.69889,-77.2765
2149,NQY,50.4364,-5.01373
2150,NRA,-34.6964,146.512
2151,NRK,58.5841,16.2338
2152,NRN,51.6031,6.1417
2153,NRT,35.7491,140.389
2154,NSH,42.7584,-71.4642
2155,NSI,3.83168,11.5233
2156,NSK,69.3089,87.3351
2157,NSN,-41.2961,173.22
2158,NST,8.4561,99.96
2159,NTE,47.1573,-1.60205
2160,NTG,32.0155,120.84
2161,NTL,-32.7985,151.837
2162,NTN,-17.7,141.067
2163,NTQ,37.2917,136.957
2164,NTT,-15.9481,-173.736
2165,NUE,49.4946,11.0785
2166,NUI,70.2167,-150.917
2167,NUK,-19.0861,-139
2168,NUL,64.7134,-158.077
2169,NUP,60.897,-162.453
2170,NUS,45.7396,7.46666
2171,NUX,65.9549,78.3955
2172,NVA,2.93333,-75.2833
2173,NVI,40.1155,65.19
2174,NVK,68.4431,17.3941
2175,NVR,58.5167,31.3
2176,NVT,-26.8797,-48.6481
2177,NWA,6.47748,11.0726
2178,NWI,52.6704,1.27648
2179,NYA,44.7718,-93.9263
2180,NYK,-0.0583,37.0369
2181,NYM,65.6179,72.6856
2182,NYO,58.7833,16.9224
2183,NYU,21.1814,94.9347
2184,NZH,49.6,117.433
2185,OAG,-32.3833,149.132
2186,OAJ,34.8307,-77.6053
2187,OAK,37.7158,-122.209
2188,OAM,-44.9679,171.086
2189,OAX,16.9986,-96.7264
2190,OBN,56.4638,-5.3973
2191,OBO,42.7343,143.216
2192,OBU,66.9148,-156.878
2193,OBX,-7.58333,141.333
2194,OCC,-0.46532,-76.979
2195,ODN,2.91165,112.609
2196,ODS,46.4402,30.6764
2197,ODW,48.2517,-122.68
2198,ODY,20.5833,104.167
2199,OER,63.4113,18.9916
2200,OFI,9.6,-4.03333
2201,OGG,20.8926,-156.441
2202,OGN,24.4674,122.979
2203,OGS,44.6782,-75.4765
2204,OGX,35.8764,7.25695
2205,OGZ,43.2065,44.6105
2206,OHD,41.1806,20.7431
2207,OHE,53.6321,10.0042
2208,OHO,59.4103,143.062
2209,OIM,34.7828,139.361
2210,OIT,33.4801,131.737
2211,OKA,24.8289,125.146
2212,OKC,35.3981,-97.5974
2213,OKD,43.1162,141.382
2214,OKJ,34.7579,133.855
2215,OKR,36.6159,-85.1253
2216,OKY,-27.4086,151.738
2217,OLA,63.696,9.60463
2218,OLB,40.8994,9.51616
2219,OLF,48.0964,-105.575
2220,OLH,62.8903,-149.054
2221,OLJ,-16.2368,167.492
2222,OLP,-30.484,136.878
2223,OMA,41.3,-95.8998
2224,OMB,-1.5778,9.25386
2225,OMC,11.0611,124.563
2226,OMD,-28.5956,16.4436
2227,OME,64.5125,-165.445
2228,OMH,37.6694,45.0703
2229,OMO,43.2836,17.8467
2230,OMR,47.0249,21.9292
2231,OMS,54.9634,73.3068
2232,OND,-17.8783,15.95
2233,ONG,-16.565,139.434
2234,ONJ,40.1931,140.366
2235,ONL,42.4655,-98.6866
2236,ONT,34.062,-117.594
2237,OOK,60.5334,-165.114
2238,OOL,51.188,5.94811
2239,OPF,25.9023,-80.2677
2240,OPO,41.2372,-8.67341
2241,OPS,-11.8733,-55.5733
2242,OPU,-8,142.906
2243,ORB,59.2279,15.0455
2244,ORD,41.9796,-87.8825
2245,ORF,36.8977,-76.2154
2246,ORH,42.2699,-71.8706
2247,ORI,-7.6833,-39.3667
2248,ORJ,4.71667,-60.0333
2249,ORK,51.8463,-8.48897
2250,ORM,52.3,-0.78333
2251,ORN,35.6244,-0.6186
2252,ORV,66.8333,-161.033
2253,ORY,48.7261,2.36411
2254,OSD,63.1972,14.4933
2255,OSI,45.4639,18.8083
2256,OSK,57.3517,16.4956
2257,OSL,60.1947,11.1005
2258,OSM,36.3086,43.1458
2259,OSR,49.6888,18.1178
2260,OSS,40.6155,72.7853
2261,OST,51.2012,2.8716
2262,OSW,51.2085,58.6325
2263,OSY,64.4723,11.5721
2264,OSZ,54.25,16.25
2265,OTH,43.4141,-124.244
2266,OTP,44.5656,26.1029
2267,OTR,8.6006,-82.9694
2268,OTZ,66.8893,-162.61
2269,OUA,12.3522,-1.5133
2270,OUD,34.7903,-1.925
2271,OUE,1.6167,16.0444
2272,OUL,64.9294,25.3574
2273,OUZ,22.7337,-12.4941
2274,OVB,55.0078,82.6508
2275,OVD,43.5596,-6.03102
2276,OVS,43.1537,-90.6764
2277,OXB,11.8886,-15.6575
2278,OXF,51.831,-1.31029
2279,OXR,34.1984,-119.206
2280,OYE,1.5353,11.5803
2281,OYG,3.64967,31.7239
2282,OZC,8.1822,123.841
2283,OZH,47.86,35.3212
2284,OZZ,30.9342,-6.9031
2285,PAD,51.6126,8.61871
2286,PAH,37.0612,-88.7672
2287,PAI,12.85,102.583
2288,PAP,36.4215,-83.3607
2289,PAS,37.0683,25.1975
2290,PAT,25.5914,85.0866
2291,PAZ,20.6086,-97.4717
2292,PBC,19.1433,-98.3714
2293,PBD,21.6489,69.6567
2294,PBG,44.6508,-73.4683
2295,PBH,27.4033,89.4292
2296,PBI,26.6909,-80.0889
2297,PBJ,-16.2368,167.492
2298,PBM,5.45,-55.1867
2299,PBO,-23.1688,117.748
2300,PBP,9.85917,-85.3692
2301,PBU,27.33,97.4306
2302,PCE,57.093,-157.258
2303,PCL,-8.3753,-74.5731
2304,PCR,6.18333,-67.6333
2305,PDA,3.95607,-67.784
2306,PDB,59.7868,-154.105
2307,PDG,-0.8794,100.352
2308,PDL,37.7375,-25.6983
2309,PDP,-34.9111,-54.9197
2310,PDS,28.7,-100.55
2311,PDT,45.6893,-118.839
2312,PDX,45.5867,-122.587
2313,PEC,57.95,-136.233
2314,PED,50.0372,15.7785
2315,PEE,57.9114,56.0174
2316,PEG,43.1021,12.5075
2317,PEI,4.8147,-75.745
2318,PEK,40.0724,116.583
2319,PEM,-12.6128,-69.2297
2320,PEN,5.2975,100.278
2321,PER,-31.9336,115.961
2322,PES,61.8886,34.1452
2323,PET,-31.7181,-52.3244
2324,PEU,15.2404,-83.7794
2325,PEW,33.9933,71.515
2326,PEX,65.1179,57.1095
2327,PEZ,53.2167,45
2328,PFB,-28.2447,-52.3317
2329,PFN,30.2071,-85.6829
2330,PFO,34.7194,32.4847
2331,PFQ,39.6053,47.8758
2332,PGA,36.9243,-111.451
2333,PGF,42.74,2.8692
2334,PGK,-2.1606,106.141
2335,PGM,59.35,-151.833
2336,PGU,36.9243,-111.451
2337,PGV,35.6336,-77.3808
2338,PGX,45.1951,0.81208
2339,PHC,5.0125,6.9625
2340,PHE,-20.3772,118.63
2341,PHF,37.1306,-76.5026
2342,PHG,4.85,7.01667
2343,PHL,39.8768,-75.2419
2344,PHO,68.3494,-166.797
2345,PHS,16.7861,100.278
2346,PHW,-23.9336,31.1561
2347,PHX,33.4376,-112.03
2348,PIA,40.6663,-89.6909
2349,PIB,31.4671,-89.3333
2350,PIE,27.9065,-82.6924
2351,PIF,22.6781,120.471
2352,PIH,42.9056,-112.588
2353,PIK,55.5091,-4.6109
2354,PIN,-2.6658,-56.7822
2355,PIP,57.5631,-157.558
2356,PIR,44.3801,-100.293
2357,PIS,46.5859,0.31135
2358,PIT,40.4914,-80.2328
2359,PIU,-5.2022,-80.6142
2360,PIW,55.5833,-97.15
2361,PIX,38.5539,-28.4442
2362,PIZ,69.7333,-163.017
2363,PJA,62.1984,17.5514
2364,PJG,26.9547,64.1331
2365,PJM,8.53994,-83.3227
2366,PKA,60.7049,-161.766
2367,PKB,39.3462,-81.4345
2368,PKC,53.1663,158.447
2369,PKE,-33.1358,148.235
2370,PKG,4.21667,100.55
2371,PKK,21.3333,95.1
2372,PKP,-8.64687,-131.787
2373,PKR,28.2,83.9833
2374,PKU,0.4642,101.439
2375,PKY,-2.2228,113.938
2376,PKZ,15.1303,105.785
2377,PLD,9.88107,-85.5507
2378,PLH,50.423,-4.11154
2379,PLJ,17.1929,-88.6528
2380,PLM,-2.9003,104.698
2381,PLN,45.571,-84.7857
2382,PLO,-34.6041,135.879
2383,PLQ,55.9661,21.0825
2384,PLS,21.7728,-72.2683
2385,PLU,-19.8517,-43.9508
2386,PLW,-0.917694,119.909
2387,PLX,50.3517,80.2336
2388,PLZ,-33.9861,25.6139
2389,PMA,-5.2539,39.8125
2390,PMC,-41.4319,-73.0928
2391,PMD,34.6294,-118.084
2392,PME,50.8303,-1.05586
2393,PMF,44.8232,10.2949
2394,PMI,39.5495,2.73188
2395,PML,55.9833,-160.533
2396,PMO,38.1822,13.1031
2397,PMR,-40.3227,175.611
2398,PMV,10.9167,-63.98
2399,PMW,-10.2417,-48.3528
2400,PMY,-42.7597,-65.11
2401,PMZ,8.9531,-83.4703
2402,PNA,42.7672,-1.64017
2403,PND,16.0977,-88.8303
2404,PNH,11.5458,104.849
2405,PNI,6.9847,158.215
2406,PNK,-0.1481,109.403
2407,PNL,36.8185,11.963
2408,PNP,-8.8056,148.309
2409,PNQ,18.5817,73.9206
2410,PNR,-4.8128,11.8856
2411,PNS,30.4761,-87.1941
2412,PNZ,-9.3647,-40.5658
2413,POA,-29.9933,-51.1708
2414,POG,-0.7197,8.7514
2415,POL,-12.9883,40.5225
2416,POM,-9.4425,147.219
2417,POP,19.7575,-70.5692
2418,POR,61.462,21.7988
2419,POS,10.5936,-61.3386
2420,POZ,52.4284,16.8208
2421,PPB,-22.1778,-51.4208
2422,PPE,31.35,-113.526
2423,PPG,-14.3242,-170.706
2424,PPK,54.7833,69.1833
2425,PPL,28.3948,84.1278
2426,PPN,2.45,-76.6164
2427,PPP,-20.4939,148.554
2428,PPS,9.7433,118.756
2429,PPT,-17.5578,-149.611
2430,PPV,62.8903,-149.054
2431,PQC,10.2233,103.958
2432,PQI,46.6921,-68.0447
2433,PQQ,-31.4309,152.866
2434,PQS,61.9362,-162.882
2435,PRC,34.6492,-112.428
2436,PRG,50.1079,14.2675
2437,PRI,-4.3158,55.6958
2438,PRN,42.5753,21.0364
2439,PSA,43.6959,10.3976
2440,PSC,46.2592,-119.117
2441,PSE,18.0116,-66.5664
2442,PSG,56.8067,-132.933
2443,PSO,1.4108,-77.2922
2444,PSP,33.8227,-116.509
2445,PSR,42.4337,14.1846
2446,PSS,-27.3839,-55.9675
2447,PSZ,-18.9747,-57.8194
2448,PTA,60.3956,-154.494
2449,PTF,-17.7818,177.2
2450,PTG,-23.9236,29.4833
2451,PTH,56.9667,-158.633
2452,PTP,16.2675,-61.5281
2453,PTU,58.9216,-161.727
2454,PTY,9.07,-79.3836
2455,PUB,38.2836,-104.496
2456,PUF,43.3823,-0.4166
2457,PUJ,18.5675,-68.3469
2458,PUK,21.0754,-156.793
2459,PUQ,-53.0033,-70.8558
2460,PUS,35.1777,128.937
2461,PUU,0.5061,-76.5022
2462,PUW,46.743,-117.119
2463,PUY,44.8939,13.9272
2464,PVA,13.3577,-81.3535
2465,PVC,42.0771,-70.2169
2466,PVD,41.723,-71.4399
2467,PVG,31.1156,121.803
2468,PVH,-8.7133,-63.9022
2469,PVK,38.9261,20.7667
2470,PVR,20.6819,-105.248
2471,PWE,69.7862,170.642
2472,PWK,42.1162,-87.8987
2473,PWM,43.6475,-70.3103
2474,PWQ,52.1859,77.0858
2475,PXM,15.8725,-97.0861
2476,PXO,33.0667,-16.35
2477,PXU,13.9747,108.041
2478,PYH,5.5833,-67.6167
2479,PYJ,69.1966,33.4842
2480,PZB,-29.6514,30.3994
2481,PZE,50.1282,-5.51945
2482,PZI,21.652,110.623
2483,PZO,8.3,-62.7333
2484,PZU,19.5761,37.2167
2485,QBC,52.3843,-126.585
2486,QDH,51.08,0.53
2487,QDU,51.0908,10.4542
2488,QFB,47.9986,7.84964
2489,QFZ,49.2315,6.99827
2490,QJY,33.5056,126.495
2491,QJZ,46.7124,1.71832
2492,QKL,50.944,6.95806
2493,QOW,5.49341,7.0261
2494,QQD,51.07,1.19
2495,QQH,51.9389,1.28162
2496,QQK,52.8833,-1.97685
2497,QQM,53.365,-2.27089
2498,QQN,52.4531,-1.73847
2499,QQP,51.5158,-0.17539
2500,QQS,51.5299,-0.12549
2501,QQU,52.4531,-1.73847
2502,QQW,51.5035,-0.11297
2503,QQX,51.3851,-2.36116
2504,QQY,52.4531,-1.73847
2505,QRH,51.9525,4.4392
2506,QRO,20.6228,-100.369
2507,QRW,5.75242,5.86487
2508,QSF,36.1914,5.40944
2509,QUL,36.5922,-90.2465
2510,QWB,-25.5275,-49.1731
2511,QXB,43.5048,5.36794
2512,QXG,47.4174,-0.82135
2513,QYU,61.2661,15.9858
2514,QYX,59.8585,17.6441
2515,RAB,-4.2272,152.184
2516,RAE,30.9086,41.1367
2517,RAH,29.6278,43.4944
2518,RAI,14.9253,-23.5031
2519,RAJ,22.3169,70.769
2520,RAK,31.6167,-8.05
2521,RAO,-21.1322,-47.7744
2522,RAP,44.037,-103.06
2523,RAR,-21.2,-159.8
2524,RAS,37.3256,49.6092
2525,RBA,34.0475,-6.7578
2526,RBH,64.7381,-155.489
2527,RBQ,-14.45,-67.55
2528,RBR,-9.9981,-67.7997
2529,RBV,58.05,25.1
2530,RBX,46.4717,-108.55
2531,RBY,64.7381,-155.489
2532,RCB,-28.7386,32.0928
2533,RCE,48.6126,-123.14
2534,RCH,11.5292,-72.9244
2535,RCL,-15.4802,167.834
2536,RCM,-20.7021,143.115
2537,RCP,51.5257,-0.14499
2538,RDB,67.75,-163.667
2539,RDD,40.5056,-122.302
2540,RDM,44.2533,-121.162
2541,RDN,3.94515,114.402
2542,RDU,35.8729,-78.7923
2543,RDV,61.7645,-157.312
2544,RDZ,44.41,2.48254
2545,REA,-19,-135.1
2546,REC,-8.1261,-34.9225
2547,REG,38.0731,15.6498
2548,REL,-43.2111,-65.2681
2549,REN,51.7953,55.4498
2550,REP,13.4092,103.816
2551,RES,-27.4514,-59.0508
2552,REU,41.1444,1.15631
2553,REX,26.0133,-98.2319
2554,RFD,42.2035,-89.0955
2555,RFP,-16.7167,-151.467
2556,RGA,-53.7792,-67.7667
2557,RGI,-14.9516,-147.649
2558,RGL,-51.6092,-69.3131
2559,RGN,16.9064,96.1389
2560,RHI,45.626,-89.4626
2561,RHO,36.4044,28.0867
2562,RIA,-29.7106,-53.6875
2563,RIB,-11.0167,-66.0833
2564,RIC,37.5108,-77.3332
2565,RIG,-32.0819,-52.1664
2566,RIS,45.2419,141.186
2567,RIV,33.8806,-117.259
2568,RIW,43.0611,-108.458
2569,RIX,56.9231,23.9717
2570,RIY,14.6611,49.3761
2571,RJA,17.1081,81.82
2572,RJK,45.2167,14.5683
2573,RJL,42.4563,-2.31476
2574,RJN,30.2803,57.067
2575,RKD,44.0612,-69.0943
2576,RKS,41.5988,-109.072
2577,RKT,25.6111,55.9378
2578,RKV,64.1311,-21.9389
2579,RLG,46.7427,-96.2383
2580,RMA,-26.5457,148.773
2581,RMF,25.07,34.9
2582,RMI,44.0225,12.618
2583,RMP,65.5063,-150.169
2584,RMQ,23.5998,121.024
2585,RMT,32.3103,10.3856
2586,RNA,-19.3,44.8167
2587,RNB,56.2542,15.2672
2588,RNL,-11.6667,160.3
2589,RNN,55.0681,14.7472
2590,RNO,39.5064,-119.776
2591,RNP,11.15,166.883
2592,RNS,48.0686,-1.72536
2593,ROA,37.3203,-79.9688
2594,ROB,6.2328,-10.365
2595,ROC,43.1309,-77.6697
2596,ROI,16.0142,103.592
2597,ROK,-23.3768,150.474
2598,ROO,-16.4458,-54.6639
2599,ROP,14.1667,145.25
2600,ROR,7.35743,134.547
2601,ROS,-32.9033,-60.7856
2602,ROT,-38.1047,176.314
2603,ROV,47.2556,39.8169
2604,ROW,33.3071,-104.519
2605,RPR,21.1671,81.7473
2606,RRG,-20.2554,57.5517
2607,RRS,62.5792,11.3458
2608,RSA,-36.5881,-64.2756
2609,RSD,24.8917,-76.1781
2610,RSH,61.7833,-161.333
2611,RSJ,48.6339,-122.81
2612,RST,43.9101,-92.4884
2613,RSU,34.8369,127.619
2614,RSW,26.5228,-81.7531
2615,RTA,-12.5017,177.066
2616,RTB,16.3242,-86.5323
2617,RTG,-8.5878,120.483
2618,RTM,51.9525,4.4392
2619,RTW,51.5617,46.0419
2620,RUA,37.5534,-76.3539
2621,RUD,59.9448,10.6382
2622,RUH,24.9625,46.7078
2623,RUK,28.3948,84.1278
2624,RUM,27.3333,86.55
2625,RUN,-20.8772,55.5214
2626,RUR,51.0804,6.14209
2627,RUT,43.5291,-72.945
2628,RVA,-22.8053,47.8206
2629,RVE,6.9581,-71.855
2630,RVK,64.8402,11.1352
2631,RVN,66.5628,25.8266
2632,RVT,-24.4378,121.079
2633,RVV,-23.8862,-147.665
2634,RXS,11.6,122.751
2635,RYG,59.3789,10.7856
2636,RYK,28.4,70.2833
2637,RZE,50.1062,22.0243
2638,RZP,15.5931,120.739
2639,RZR,36.9108,50.6806
2640,RZS,33.6403,73.8569
2641,SAB,17.6394,-63.2316
2642,SAH,15.48,44.2208
2643,SAL,13.44,-89.0558
2644,SAN,32.7299,-117.195
2645,SAP,15.4514,-87.9242
2646,SAQ,25.05,-78.0333
2647,SAT,29.5252,-98.4729
2648,SAV,32.1338,-81.2133
2649,SAW,40.9928,29.034
2650,SBA,34.4255,-119.835
2651,SBH,17.8667,-62.8333
2652,SBL,-13.7667,-65.5833
2653,SBN,41.7006,-86.311
2654,SBP,35.239,-120.641
2655,SBR,-9.4,142.667
2656,SBW,2.3417,111.838
2657,SBY,38.3431,-75.517
2658,SBZ,45.7882,24.0943
2659,SCC,70.1975,-148.458
2660,SCE,40.8515,-77.851
2661,SCK,37.8973,-121.253
2662,SCL,-33.39,-70.785
2663,SCM,61.8425,-165.58
2664,SCN,49.2188,7.11263
2665,SCO,43.8667,51.1
2666,SCQ,42.8991,-8.41646
2667,SCT,25.6472,-100.172
2668,SCU,19.9708,-75.8364
2669,SCV,47.6943,26.363
2670,SCW,61.6726,50.822
2671,SCX,16.2104,-95.1989
2672,SCY,-0.91,-89.6067
2673,SCZ,-11.6167,166.85
2674,SDD,-14.9244,13.5767
2675,SDE,-27.7675,-64.3106
2676,SDF,38.1865,-85.7462
2677,SDG,35.25,47.0092
2678,SDJ,38.1401,140.918
2679,SDK,5.9017,118.053
2680,SDL,62.5249,17.4407
2681,SDN,61.8296,6.10628
2682,SDP,55.3184,-160.523
2683,SDQ,18.4292,-69.6692
2684,SDR,43.4232,-3.82375
2685,SDT,34.8125,72.3528
2686,SDU,-22.9107,-43.1707
2687,SDV,32.1104,34.7823
2688,SDY,47.7113,-104.184
2689,SEA,47.4405,-122.296
2690,SEB,26.9933,14.4669
2691,SEN,51.5678,0.69928
2692,SEW,40.6438,-93.2598
2693,SEZ,-4.6751,55.5177
2694,SFA,34.7181,10.6917
2695,SFB,28.773,-81.2403
2696,SFD,7.8856,-67.4406
2697,SFE,16.5958,120.302
2698,SFG,18.0421,-63.1144
2699,SFJ,67.0169,-50.6892
2700,SFL,14.9,-24.5167
2701,SFN,-31.7108,-60.8117
2702,SFO,37.6148,-122.392
2703,SFT,64.6236,21.0675
2704,SGC,61.3468,73.4182
2705,SGD,54.963,9.78978
2706,SGF,37.243,-93.3817
2707,SGN,10.8191,106.658
2708,SGO,-28.0833,148.75
2709,SGU,37.0973,-113.591
2710,SGX,-10.6668,36.3287
2711,SGY,59.4594,-135.314
2712,SHA,31.1865,121.34
2713,SHB,43.5767,144.958
2714,SHC,14.0833,38.2833
2715,SHD,38.2637,-78.9013
2716,SHE,41.7857,123.529
2717,SHG,66.8801,-157.067
2718,SHH,66.2568,-166.067
2719,SHJ,25.3297,55.5178
2720,SHL,25.5667,91.8833
2721,SHM,33.664,135.362
2722,SHP,45.0167,119.75
2723,SHR,44.7739,-106.97
2724,SHV,32.4549,-93.8285
2725,SHW,17.4686,47.1242
2726,SHX,62.6333,-159.583
2727,SHY,-3.66487,33.4212
2728,SIA,34.3667,108.7
2729,SIC,42.0189,35.0792
2730,SID,16.745,-22.9517
2731,SIF,27,85.5333
2732,SIG,18.4558,-66.0981
2733,SIN,1.3578,103.991
2734,SIP,45.0153,33.9941
2735,SIT,57.0535,-135.366
2736,SJC,37.3679,-121.926
2737,SJD,23.1564,-109.723
2738,SJE,2.59328,-72.6081
2739,SJI,12.3611,121.047
2740,SJJ,43.8247,18.3361
2741,SJK,-23.2283,-45.8706
2742,SJO,9.9919,-84.2114
2743,SJP,-20.8156,-49.4042
2744,SJT,31.3616,-100.507
2745,SJU,18.4367,-66.0095
2746,SJW,38.0492,114.489
2747,SJY,62.6937,22.8289
2748,SJZ,38.6653,-28.175
2749,SKB,17.3128,-62.7178
2750,SKC,-6.65619,145.859
2751,SKD,39.6667,66.9667
2752,SKE,59.1844,9.56938
2753,SKG,40.5208,22.9722
2754,SKH,28.4908,81.7689
2755,SKK,64.3549,-161.193
2756,SKN,68.5802,15.0325
2757,SKO,12.9164,5.2075
2758,SKP,41.9606,21.6217
2759,SKT,32.5194,74.5555
2760,SKU,38.9683,24.4881
2761,SKZ,27.7236,68.7903
2762,SLA,-24.8589,-65.4756
2763,SLC,40.7862,-111.982
2764,SLE,44.9104,-123.008
2765,SLH,-14.2459,167.509
2766,SLI,-12.1722,26.3667
2767,SLK,44.3804,-74.2038
2768,SLL,17.0411,54.0944
2769,SLM,40.9465,-5.50744
2770,SLN,38.7786,-97.6397
2771,SLP,22.2539,-100.927
2772,SLQ,61.7,-157.117
2773,SLU,14.0192,-60.9928
2774,SLV,31.0778,77.0728
2775,SLW,25.5467,-100.929
2776,SLX,21.3223,-71.1983
2777,SLY,59.4615,108.832
2778,SLZ,-2.5867,-44.2358
2779,SMA,36.9658,-25.1714
2780,SMF,38.683,-121.591
2781,SMI,37.6903,26.9128
2782,SMK,63.4735,-162.052
2783,SML,23.5833,-75.2681
2784,SMN,45.1148,-113.888
2785,SMR,11.1221,-74.2262
2786,SMS,-17.0939,49.8158
2787,SMX,34.8888,-120.437
2788,SNA,33.6813,-117.859
2789,SNC,-2.2,-80.985
2790,SNE,16.5869,-24.2886
2791,SNN,52.6931,-8.92047
2792,SNO,17.2847,104.107
2793,SNP,57.1667,-170.217
2794,SNR,47.3121,-2.15411
2795,SNU,22.4922,-79.9408
2796,SNW,18.4587,94.3696
2797,SOB,46.6998,17.1494
2798,SOC,-7.5181,110.751
2799,SOF,42.6895,23.4024
2800,SOG,61.1566,7.13623
2801,SOJ,69.7833,20.9333
2802,SOM,8.9489,-64.1478
2803,SON,-15.5094,167.214
2804,SOO,61.2698,17.0906
2805,SOQ,-0.9326,131.12
2806,SOU,50.9512,-1.36139
2807,SOV,59.4428,-151.705
2808,SOW,34.2595,-110.005
2809,SPB,18.3409,-64.9698
2810,SPC,28.6676,-17.7708
2811,SPD,25.7625,88.91
2812,SPI,39.8445,-89.672
2813,SPL,36.9658,-25.1714
2814,SPN,15.1333,145.717
2815,SPP,-14.6542,17.7247
2816,SPR,17.9167,-87.9667
2817,SPS,33.9862,-98.4984
2818,SPU,43.5406,16.3
2819,SQO,62.1984,17.5514
2820,SRA,-27.9083,-54.5217
2821,SRE,-19.0008,-65.2878
2822,SRG,-6.9758,110.38
2823,SRJ,-14.8573,-66.7383
2824,SRP,59.7928,5.33972
2825,SRQ,27.3868,-82.5516
2826,SRV,62.8903,-149.054
2827,SRX,31.206,16.5924
2828,SRY,36.635,53.1933
2829,SRZ,-17.8072,-63.1708
2830,SSA,-12.9081,-38.3222
2831,SSB,17.75,-64.7
2832,SSG,3.7472,8.7083
2833,SSH,27.975,34.3897
2834,SSJ,65.9612,12.474
2835,SSR,-15.1468,167.038
2836,SSY,-6.2739,14.2503
2837,STC,45.5463,-94.066
2838,STD,7.57033,-72.0443
2839,STG,62.8903,-149.054
2840,STI,19.4692,-70.7003
2841,STL,38.7414,-90.3647
2842,STM,-2.4244,-54.7853
2843,STN,51.8894,0.26151
2844,STR,48.6895,9.19298
2845,STS,38.511,-122.805
2846,STT,18.3333,-64.9667
2847,STV,21.1667,72.8333
2848,STW,45.1104,42.1089
2849,STX,17.6988,-64.7977
2850,SUB,-7.38,112.785
2851,SUF,38.9087,16.2443
2852,SUG,9.7589,125.479
2853,SUJ,47.7134,22.8887
2854,SUN,43.5065,-114.301
2855,SUR,52.7086,-88.5419
2856,SUV,-18.05,178.567
2857,SUX,42.4012,-96.3784
2858,SVA,63.6951,-170.465
2859,SVB,-14.2505,50.1539
2860,SVC,32.6301,-108.164
2861,SVD,13.1422,-61.2111
2862,SVG,58.8806,5.63019
2863,SVI,2.1464,-74.7622
2864,SVJ,68.2441,14.6669
2865,SVL,61.9464,28.9355
2866,SVO,55.9621,37.4189
2867,SVQ,37.4224,-5.89796
2868,SVS,66.0044,-149.091
2869,SVU,-16.8,179.35
2870,SVX,56.7435,60.7911
2871,SVZ,7.8431,-72.4381
2872,SWA,23.425,116.759
2873,SWF,41.4869,-74.0974
2874,SWJ,-16.4917,167.439
2875,SWK,45.4738,9.2986
2876,SWO,36.1618,-97.0751
2877,SWQ,-8.4933,117.421
2878,SWS,51.6006,-4.07
2879,SXB,48.5427,7.63466
2880,SXF,52.3886,13.5188
2881,SXL,54.275,-8.6
2882,SXM,18.0421,-63.1107
2883,SXP,62.5333,-164.833
2884,SXR,33.9833,74.7833
2885,SYB,58.1667,-152.5
2886,SYD,-33.9344,151.168
2887,SYJ,29.5504,55.6708
2888,SYM,22.8333,101
2889,SYO,38.7061,140.018
2890,SYR,43.1141,-76.1121
2891,SYU,-31.875,136.081
2892,SYX,18.281,109.498
2893,SYY,58.2119,-6.32319
2894,SYZ,29.54,52.5897
2895,SZA,-6.1389,12.3764
2896,SZB,3.1303,101.551
2897,SZD,53.3957,-1.38232
2898,SZF,41.1959,36.7248
2899,SZG,47.7937,13.0043
2900,SZV,31.3092,120.613
2901,SZX,22.5333,113.967
2902,SZZ,53.5686,14.8676
2903,TAB,11.25,-60.6667
2904,TAC,11.2283,125.023
2905,TAE,35.9007,128.641
2906,TAG,9.6644,123.852
2907,TAH,-19.4867,169.362
2908,TAI,13.6889,44.1375
2909,TAK,34.2557,134.046
2910,TAL,47.7184,-115.431
2911,TAM,22.2881,-97.8633
2912,TAO,36.2311,120.389
2913,TAP,14.7931,-92.37
2914,TAS,41.2552,69.2846
2915,TAT,49.0663,20.2445
2916,TBB,13.0494,109.334
2917,TBG,-7.18482,142.374
2918,TBH,12.3133,122.079
2919,TBI,24.315,-75.4536
2920,TBJ,36.9777,8.87678
2921,TBN,37.7327,-92.1361
2922,TBO,5.08333,32.8333
2923,TBP,-3.5494,-80.3781
2924,TBS,41.6716,44.9556
2925,TBU,-21.2486,-175.136
2926,TBW,52.7056,41.3686
2927,TBZ,38.1322,46.2431
2928,TCB,26.7461,-77.3931
2929,TCE,45.0653,28.7232
2930,TCH,47.4463,-52.9283
2931,TCO,1.8208,-78.7528
2932,TCP,29.4945,34.8918
2933,TCQ,-18.0508,-70.2739
2934,TCR,8.78333,78.1333
2935,TCT,62.9845,-156.07
2936,TDD,-14.8156,-64.9161
2937,TDX,12.2229,102.593
2938,TEB,40.8541,-74.0662
2939,TEE,35.4308,8.1244
2940,TEK,60.8644,-146.693
2941,TEN,35.5089,102.011
2942,TER,38.765,-27.0958
2943,TET,-16.1033,33.6389
2944,TEX,37.9544,-107.901
2945,TFI,-9.08333,149.317
2946,TFN,28.4978,-16.3419
2947,TFS,28.0474,-16.5705
2948,TGC,35.9349,-88.8506
2949,TGD,42.3675,19.275
2950,TGG,5.3811,103.11
2951,TGH,-16.9027,168.56
2952,TGJ,-20.9314,167.229
2953,TGM,46.4676,24.4203
2954,TGO,43.6125,122.265
2955,TGR,33.0675,6.0883
2956,TGU,14.0603,-87.2172
2957,TGZ,16.7683,-93.3422
2958,THE,-5.0603,-42.8239
2959,THF,52.4825,13.3892
2960,THL,20.4842,99.9322
2961,THN,58.3161,12.3507
2962,THO,66.2,-15.3333
2963,THR,35.6908,51.3144
2964,THS,17.2167,99.8167
2965,THU,76.53,-68.7058
2966,TIA,41.4247,19.7147
2967,TIF,21.4831,40.5439
2968,TIH,-17.6902,-149.376
2969,TIJ,32.5411,-116.972
2970,TIM,-4.5347,136.888
2971,TIN,39.5354,-93.4399
2972,TIP,31,15
2973,TIQ,45.0039,12.2686
2974,TIR,13.6319,79.5444
2975,TIS,-10.586,142.293
2976,TIU,-44.3015,171.223
2977,TIV,42.4047,18.7233
2978,TIZ,-5.83333,142.95
2979,TJA,-21.5503,-64.7044
2980,TJM,57.1704,65.3561
2981,TJN,-17.6902,-149.376
2982,TJQ,-2.7494,107.763
2983,TKE,57.7773,-135.208
2984,TKG,-5.2403,105.178
2985,TKJ,48.1205,21.4125
2986,TKK,7.4569,151.84
2987,TKN,27.834,128.882
2988,TKP,-17.6902,-149.376
2989,TKQ,-4.88005,29.628
2990,TKS,34.1339,134.603
2991,TKU,60.5138,22.272
2992,TKV,-17.3371,-138.408
2993,TKX,-14.4667,-1.96667
2994,TLA,65.2413,-166.331
2995,TLC,19.3356,-99.565
2996,TLE,-23.3864,43.7264
2997,TLH,30.3964,-84.3503
2998,TLJ,44.2044,23.5396
2999,TLL,59.4121,24.8297
3000,TLM,35.0139,-1.4572
3001,TLN,43.093,6.15712
3002,TLS,43.6294,1.3747
3003,TLT,61.0959,-160.968
3004,TLV,32.0117,34.8861
3005,TMC,-9.4117,119.25
3006,TME,6.4536,-71.7614
3007,TMJ,37.2808,67.3064
3008,TML,9.5636,-0.8625
3009,TMM,-18.1064,49.3919
3010,TMP,61.4166,23.615
3011,TMR,22.8147,5.4592
3012,TMS,0.3783,6.725
3013,TMT,-1.48667,-56.3961
3014,TMU,9.73167,-85.0251
3015,TMW,-31.0839,150.849
3016,TMX,27.8676,-0.28984
3017,TNA,36.3306,118.761
3018,TNC,65.5639,-167.919
3019,TNG,35.7283,-5.9175
3020,TNJ,0.9192,104.536
3021,TNK,60.5813,-165.253
3022,TNN,22.9634,120.216
3023,TNO,10.9333,-85.4667
3024,TNR,-18.7953,47.4861
3025,TNZ,50.2394,99.8604
3026,TOD,2.8,104.167
3027,TOE,33.9308,8.1042
3028,TOF,56.3833,85.2
3029,TOG,37.1198,-89.8786
3030,TOH,-15.1468,167.038
3031,TOL,41.5923,-83.8072
3032,TOM,16.7314,-3.0053
3033,TOS,69.6787,18.9096
3034,TOU,41.1258,-96.832
3035,TOY,36.6495,137.187
3036,TPA,27.9744,-82.5356
3037,TPE,25.081,121.237
3038,TPJ,27.2999,87.7011
3039,TPP,-6.5058,-76.3714
3040,TPQ,21.4758,-104.881
3041,TPS,37.9021,12.4994
3042,TQR,43.2667,10.9333
3043,TRC,25.5683,-103.411
3044,TRD,63.4578,10.9229
3045,TRE,56.4998,-6.87066
3046,TRF,59.182,10.2509
3047,TRG,-37.6738,176.19
3048,TRI,36.4805,-82.4087
3049,TRK,3.3258,117.567
3050,TRN,45.1975,7.64937
3051,TRO,-31.8887,152.518
3052,TRS,45.8234,13.4841
3053,TRU,-8.09,-79.115
3054,TRV,8.47824,76.9215
3055,TRW,1.38,173.151
3056,TRZ,10.7645,78.7396
3057,TSA,25.0637,121.552
3058,TSE,51.0266,71.4782
3059,TSF,45.6513,12.2022
3060,TSJ,34.2856,129.33
3061,TSL,22.0458,-98.8042
3062,TSN,39.1333,117.35
3063,TSO,49.9502,-6.32874
3064,TSR,45.8047,21.3377
3065,TSS,40.7474,-73.9912
3066,TST,7.5081,99.625
3067,TSV,-19.2542,146.764
3068,TTA,28.4294,-11.098
3069,TTE,0.8308,127.377
3070,TTJ,35.5298,134.166
3071,TTQ,10.5667,-83.5167
3072,TTT,22.7561,121.107
3073,TTU,35.5953,-5.3261
3074,TUA,0.8111,-77.7069
3075,TUB,31.6123,-111.052
3076,TUC,-26.8397,-65.1019
3077,TUD,13.7347,-13.6561
3078,TUF,47.428,0.72414
3079,TUG,17.6417,121.731
3080,TUI,31.6917,38.7289
3081,TUK,25.9833,63.0319
3082,TUL,36.1877,-95.8892
3083,TUN,36.8435,10.2348
3084,TUO,-38.7383,176.088
3085,TUP,34.2662,-88.766
3086,TUR,-3.7767,-49.7192
3087,TUS,32.1204,-110.936
3088,TUU,28.3722,36.6253
3089,TVC,44.7365,-85.5796
3090,TVF,48.0655,-96.1791
3091,TVU,-16.8494,-179.97
3092,TVY,14.1017,98.2067
3093,TWA,36.8259,-83.3212
3094,TWB,-27.5444,151.914
3095,TWF,42.4838,-114.485
3096,TWT,7.1,124.65
3097,TWU,4.2642,117.885
3098,TXK,33.457,-93.9943
3099,TXL,52.5548,13.289
3100,TXN,29.7354,118.262
3101,TYF,60.154,12.9958
3102,TYN,37.774,112.614
3103,TYR,32.3506,-95.4118
3104,TYS,35.8064,-83.9889
3105,TZA,17.5347,-88.3028
3106,TZN,24.1543,-77.5885
3107,TZX,41,39.7167
3108,UAH,-8.91445,-139.548
3109,UAK,61.1611,-45.4278
3110,UAP,-9.41207,-140.068
3111,UAQ,-31.6024,-68.5472
3112,UAS,0.466667,37.5667
3113,UBA,-19.75,-47.95
3114,UBJ,33.931,131.276
3115,UBP,15.2489,104.873
3116,UCT,63.5577,53.7894
3117,UDI,-18.8833,-48.2247
3118,UDJ,48.636,22.2738
3119,UDR,24.6041,73.7726
3120,UEL,-17.8569,36.8556
3121,UEO,26.3677,126.716
3122,UET,30.2536,66.9389
3123,UFA,54.5569,55.8893
3124,UGB,57.4253,-157.74
3125,UGC,41.5434,60.6368
3126,UGI,57.8838,-153.369
3127,UIB,5.6903,-76.6464
3128,UIH,13.7673,109.256
3129,UII,16.0969,-86.9337
3130,UIN,39.9348,-91.196
3131,UIO,-0.1381,-78.4833
3132,UIP,47.9751,-4.17416
3133,UKB,34.6356,135.22
3134,UKK,47.0436,17.2142
3135,ULB,-16.3333,168.294
3136,ULN,47.8458,106.759
3137,ULO,49.9674,92.0767
3138,ULP,-26.6087,144.255
3139,ULU,2.81,32.2683
3140,ULY,54.4145,48.8063
3141,UMD,70.6801,-52.1221
3142,UME,63.7932,20.2848
3143,UNG,-23.4941,-46.5488
3144,UNK,63.8833,-160.783
3145,UNN,9.85278,98.6292
3146,UPB,23.0805,-82.517
3147,UPG,-5.0694,119.55
3148,URA,51.1526,51.5336
3149,URC,43.9333,87.4667
3150,URE,58.2432,22.5041
3151,URG,-29.7817,-57.0383
3152,URJ,60.1167,64.8333
3153,URO,49.3827,1.26106
3154,URS,42.7756,1.73213
3155,URT,9.1367,99.1417
3156,URY,31.415,37.2744
3157,USH,-54.8176,-68.326
3158,USK,48.3136,-117.281
3159,USM,9.55,100.067
3160,USN,35.5906,129.357
3161,USQ,38.681,29.4716
3162,USU,12.1,120.167
3163,UTH,17.3831,102.794
3164,UTN,-28.3986,21.2528
3165,UTP,12.6778,101.009
3166,UTT,-31.5472,28.6694
3167,UUD,51.8063,107.443
3168,UUN,46.663,113.287
3169,UUS,46.8885,142.724
3170,UVE,-20.5542,166.571
3171,UVF,13.7336,-60.9542
3172,UWE,51.4997,-2.54595
3173,UYL,10.9342,25.3411
3174,UYN,38.2768,109.769
3175,VAA,63.0396,21.7691
3176,VAI,35.253,26.2538
3177,VAK,61.5338,-165.584
3178,VAN,38.4681,43.3308
3179,VAO,7.56667,154.667
3180,VAR,43.2416,27.8137
3181,VAS,39.8147,36.9039
3182,VAV,-18.65,-173.967
3183,VAW,70.3569,31.0471
3184,VBM,62.8903,-149.054
3185,VBS,45.4343,10.3214
3186,VBV,16.4843,73.746
3187,VBY,57.6603,18.3397
3188,VCE,45.505,12.3433
3189,VCL,15.9742,107.868
3190,VCP,-23.0067,-47.1344
3191,VCS,15.9742,107.868
3192,VCT,28.8449,-96.9201
3193,VCV,34.588,-117.373
3194,VDA,29.9528,34.9583
3195,VDB,61.0105,9.29374
3196,VDC,-14.8633,-40.8628
3197,VDE,27.8145,-17.885
3198,VDM,-40.8697,-62.9994
3199,VDS,70.0653,29.8416
3200,VDZ,61.1294,-146.256
3201,VEE,67.009,-146.406
3202,VEL,40.4485,-109.514
3203,VER,19.145,-96.1878
3204,VEY,63.4273,-20.2682
3205,VFA,-18.0931,25.8403
3206,VGA,16.5167,80.8
3207,VGO,42.2258,-8.63269
3208,VGZ,1.06667,-76.7167
3209,VHC,-9.6889,20.43
3210,VHM,64.5797,16.8374
3211,VHZ,-17.6902,-149.376
3212,VIE,48.1036,16.5804
3213,VIG,39.2505,-82.7916
3214,VII,18.6688,105.672
3215,VIJ,18.4728,-64.418
3216,VIL,23.7333,-15.9167
3217,VIS,36.3253,-119.394
3218,VIT,42.8844,-2.73051
3219,VIX,-20.2578,-40.2864
3220,VKG,9.945,105.135
3221,VKO,55.5978,37.285
3222,VKT,67.491,63.995
3223,VLC,39.4929,-0.47617
3224,VLD,30.7892,-83.2787
3225,VLI,-17.7039,168.312
3226,VLL,41.7077,-4.84504
3227,VLN,10.1556,-67.9319
3228,VLS,-15.1468,167.038
3229,VLV,9.3414,-70.5844
3230,VLY,52.3685,-3.98509
3231,VNO,54.64,25.2803
3232,VNS,25.4541,82.8642
3233,VNX,-22.0142,35.3119
3234,VOG,48.7788,44.3382
3235,VOL,39.2203,22.7947
3236,VOZ,51.8089,39.2242
3237,VPE,-17.0704,15.7258
3238,VPN,65.7177,-14.8348
3239,VPS,30.496,-86.55
3240,VPY,-19.1506,33.4311
3241,VQS,18.1355,-65.487
3242,VRA,23.0306,-81.4367
3243,VRC,13.5792,124.204
3244,VRK,62.1742,27.8658
3245,VRN,45.4033,10.9053
3246,VRY,67.6667,12.6833
3247,VSA,17.9958,-92.8189
3248,VSG,48.5667,39.3333
3249,VST,59.6007,16.6367
3250,VTE,17.9833,102.565
3251,VTU,20.9894,-76.9361
3252,VTZ,17.7214,83.2201
3253,VUP,10.4433,-73.245
3254,VVC,4.1708,-73.6117
3255,VVI,-17.6411,-63.1339
3256,VVO,43.3972,132.156
3257,VVZ,26.5001,8.47094
3258,VXC,-13.2761,35.2533
3259,VXE,16.8306,-25.0636
3260,VXO,56.9242,14.7318
3261,WAA,65.6112,-168.098
3262,WAE,23.9175,45.1202
3263,WAG,-39.9635,175.029
3264,WAQ,-15.7137,46.3155
3265,WAT,52.1972,-7.0889
3266,WAW,52.17,20.9725
3267,WBB,63.52,-162.279
3268,WBQ,66.359,-147.396
3269,WDH,-22.4792,17.4722
3270,WEF,36.3306,118.761
3271,WEH,36.3306,118.761
3272,WEI,-12.6773,141.923
3273,WGA,-35.159,147.467
3274,WGE,-30.0331,148.118
3275,WGP,-9.6722,120.308
3276,WHF,21.7929,31.3713
3277,WHK,-37.9213,176.919
3278,WIC,58.4538,-3.08767
3279,WIL,-1.31888,36.8157
3280,WIN,-22.3635,143.082
3281,WJA,7.46667,168.567
3282,WJU,37.4904,127.989
3283,WKA,-44.725,169.243
3284,WKJ,45.4041,141.801
3285,WKK,59.2667,-158.633
3286,WLG,-41.3295,174.806
3287,WLH,-15.1468,167.038
3288,WLK,62.8903,-149.054
3289,WLS,-13.3,-176.167
3290,WMK,55.7389,-132.258
3291,WMN,-15.4367,49.6883
3292,WMO,64.6811,-163.408
3293,WMR,-16.167,49.7556
3294,WNA,60.7049,-161.766
3295,WNN,52.9228,-89.1934
3296,WNP,13.5872,123.27
3297,WNR,-25.4104,142.67
3298,WNS,26.2194,68.3922
3299,WNZ,28.0025,120.648
3300,WPM,-8.79133,142.869
3301,WRE,-35.7705,174.36
3302,WRG,56.4876,-132.378
3303,WRL,43.9747,-107.953
3304,WRO,51.1039,16.8985
3305,WSN,58.7285,-157.014
3306,WST,41.3492,-71.8115
3307,WSX,48.8907,-116.982
3308,WSZ,-41.7383,171.58
3309,WTK,62.8903,-149.054
3310,WTL,60.3432,-162.664
3311,WTS,-18.9076,47.5277
3312,WUA,34.668,104.166
3313,WUH,30.5069,114.31
3314,WUN,20.0564,78.9567
3315,WUS,34.668,104.166
3316,WUX,31.574,120.288
3317,WVB,22.9667,14.4833
3318,WWK,-3.5858,143.667
3319,WWP,62.8903,-149.054
3320,WWT,62.8903,-149.054
3321,WXN,30.811,108.375
3322,WYA,-33.0608,137.516
3323,WYS,44.6876,-111.114
3324,XAD,44.4547,-79.5139
3325,XAP,-27.1325,-52.6611
3326,XAW,46.7052,-80.9219
3327,XAX,45.4389,-73.7302
3328,XAZ,47.9955,-66.6672
3329,XBE,53.9214,-90.985
3330,XBJ,32.8983,59.2631
3331,XBR,44.6353,-75.7502
3332,XCH,-10.4503,105.689
3333,XCI,49.3771,-84.7493
3334,XCM,42.4,-82.1833
3335,XCR,48.7761,4.1917
3336,XDB,50.6333,3.06667
3337,XDD,62.3587,-96.5821
3338,XDG,44.6462,-63.5739
3339,XDH,62.3587,-96.5821
3340,XDM,45.8527,-72.3912
3341,XDP,46.0884,-64.7783
3342,XDQ,42.9869,-81.2462
3343,XDS,49.3771,-84.7493
3344,XDU,62.3587,-96.5821
3345,XDV,53.9167,-1.76667
3346,XDW,62.3587,-96.5821
3347,XDX,62.3587,-96.5821
3348,XDY,46.5,-80.9667
3349,XDZ,53.8134,-101.25
3350,XEA,49.2604,-123.114
3351,XEC,42.3178,-83.0339
3352,XED,48.8669,2.78194
3353,XEE,47.6602,-72.2718
3354,XEF,49.8994,-97.1407
3355,XEG,44.2315,-76.4793
3356,XEH,48.9974,-123.821
3357,XEK,54.4994,-105.684
3358,XEL,53.8901,-68.4293
3359,XER,48.5851,7.73643
3360,XET,51.5039,0.04981
3361,XEV,59.3322,18.0624
3362,XEZ,59.1972,17.624
3363,XFD,43.3701,-80.9819
3364,XFE,47.9204,-74.6246
3365,XFG,48.5247,-64.2139
3366,XFJ,59.3723,16.5165
3367,XFK,48.3907,-77.2423
3368,XFL,46.5657,-72.7254
3369,XFM,48.6537,-123.615
3370,XFN,32.05,112.017
3371,XFP,55.5966,13.0016
3372,XFQ,47.9,-73.75
3373,XFR,55.6034,13.0008
3374,XFS,45.3116,-74.6366
3375,XFU,60.3432,17.5143
3376,XFV,43.1414,-80.2617
3377,XFW,53.5356,9.8342
3378,XFY,46.7869,-71.3708
3379,XFZ,46.7137,-71.2715
3380,XGC,55.7062,13.1876
3381,XGJ,39.8753,20.005
3382,XGK,47.8382,-64.5545
3383,XGM,52.8833,-1.97685
3384,XGR,58.5344,-65.8892
3385,XGY,49.3771,-84.7493
3386,XHJ,50.7781,6.08849
3387,XHK,44.9913,4.97828
3388,XHM,46.1847,-62.5339
3389,XHN,50.501,4.47677
3390,XHS,54.4857,-126.556
3391,XIA,43.5661,-80.1989
3392,XIB,49.3771,-84.7493
3393,XIC,27.9935,102.179
3394,XID,45.2906,-74.8516
3395,XIF,49.3771,-84.7493
3396,XIL,43.9667,116.067
3397,XIM,53.8901,-68.4293
3398,XIO,46.1445,-66.6164
3399,XIP,43.1301,-80.7566
3400,XIT,51.5039,0.04981
3401,XIY,34.3667,108.7
3402,XJL,53.8901,-68.4293
3403,XJQ,48.4339,-71.3432
3404,XKH,19.5,103
3405,XKL,3.13636,101.689
3406,XKS,53.513,-88.6475
3407,XKV,45.8997,-64.3746
3408,XLB,58.65,-97.3667
3409,XLJ,46.8,-71.25
3410,XLM,45.5,-73.5833
3411,XLQ,62.3587,-96.5821
3412,XLS,16.0503,-16.4603
3413,XLV,49.3771,-84.7493
3414,XLY,62.3587,-96.5821
3415,XLZ,44.7274,-63.5876
3416,XMH,-14.4252,-146.068
3417,XMN,24.5333,118.117
3418,XMS,-2.335,-78.1669
3419,XMY,-10.4833,142.45
3420,XNA,36.2756,-94.2955
3421,XNB,-3.08333,-67.9333
3422,XNM,52.9206,-1.075
3423,XNN,36.5678,101.862
3424,XNO,54.2,-1.26
3425,XNV,52.5214,-1.46445
3426,XNY,42.8767,-77.8826
3427,XOK,49.3771,-84.7493
3428,XOP,46.1325,-0.17616
3429,XPB,49.3203,-124.322
3430,XPF,54.6643,-2.75747
3431,XPG,48.8805,2.35459
3432,XPJ,45.6333,-0.75
3433,XPN,43.6843,-79.7588
3434,XPQ,3,101.4
3435,XPT,53.758,-2.70573
3436,XPX,45.6585,-73.5484
3437,XQE,54.3139,-2.23218
3438,XQG,55.7714,-2.00702
3439,XQH,54.3139,-2.23218
3440,XQL,54.0445,-2.79903
3441,XQP,9.4442,-84.1311
3442,XQU,49.3384,-124.392
3443,XRC,53.3304,-2.70902
3444,XRF,43.4844,5.37588
3445,XRP,46.4864,-65.0255
3446,XRU,52.3703,-1.26071
3447,XRY,36.7497,-6.06054
3448,XSC,21.5158,-71.5297
3449,XSH,47.6441,1.59046
3450,XSI,56.7819,-98.9558
3451,XSP,1.4167,103.869
3452,XSR,52.8833,-1.97685
3453,XTG,-27.9829,143.812
3454,XTK,52.8833,-1.97685
3455,XTL,58.5999,-98.349
3456,XTY,42.9432,-81.6198
3457,XUZ,32.9444,119.119
3458,XVA,52.8833,-1.97685
3459,XVB,52.8833,-1.97685
3460,XVC,54.3139,-2.23218
3461,XVG,46.9929,-94.2075
3462,XVH,54.3139,-2.23218
3463,XVJ,51.9056,-0.18868
3464,XVU,54.7775,-1.57461
3465,XVV,44.161,-77.3819
3466,XVW,57.0988,-3.99274
3467,XWD,54.7447,-2.14264
3468,XWH,53.0294,-2.17507
3469,XWK,56.2667,15.2667
3470,XWL,57.7013,11.9669
3471,XWM,59.0667,15.1126
3472,XWN,52.8833,-1.97685
3473,XWP,62.1984,17.5514
3474,XWQ,62.1984,17.5514
3475,XWR,59.2707,15.2175
3476,XWS,54.3139,-2.23218
3477,XWV,57.1079,12.249
3478,XWY,42.9414,-82.1204
3479,XWZ,62.1984,17.5514
3480,XXA,62.1984,17.5514
3481,XXD,59.2359,14.4305
3482,XXK,59.0167,16.2167
3483,XXM,58.3259,15.1313
3484,XXN,46.4931,-90.4134
3485,XXO,60.7313,14.9974
3486,XXT,43.6167,7.05
3487,XXU,62.1984,17.5514
3488,XXZ,62.3889,17.3069
3489,XYA,-9.06667,159.233
3490,XYB,60.4838,15.4344
3491,XYC,62.1984,17.5514
3492,XYD,45.75,4.85
3493,XYF,58.1621,13.5548
3494,XYH,56.0439,12.6959
3495,XYI,62.1984,17.5514
3496,XYK,58.5844,16.1925
3497,XYN,59.3091,14.1061
3498,XYP,60.1269,16.2161
3499,XYQ,59.6833,15.8167
3500,XYX,59.92,16.606
3501,XYY,59.6767,12.6425
3502,XYZ,62.6335,17.9377
3503,XZB,45.3135,-75.089
3504,XZC,42.7425,-81.7128
3505,XZJ,37.7167,28.9667
3506,XZL,53.3078,-113.584
3507,XZM,-7.45,-70.55
3508,XZN,43.9487,4.80601
3509,XZO,59.9123,10.75
3510,XZU,37.2997,-92.3047
3511,XZV,46.4833,-0.633333
3512,YAA,52.4539,-125.304
3513,YAC,51.6667,-91.8333
3514,YAG,48.6498,-93.4279
3515,YAK,59.5103,-139.668
3516,YAM,46.4853,-84.5002
3517,YAO,3.8336,11.5236
3518,YAP,9.48333,138.083
3519,YAT,52.9338,-82.392
3520,YAX,53.2519,-89.565
3521,YAY,51.3883,-56.0901
3522,YAZ,49.0797,-125.769
3523,YBB,68.5333,-89.8167
3524,YBC,49.1368,-68.1995
3525,YBG,48.3368,-70.9998
3526,YBI,53.4552,-55.7653
3527,YBK,64.3003,-96.0846
3528,YBL,49.954,-125.27
3529,YBP,28.766,104.623
3530,YBR,49.9036,-99.943
3531,YBT,57.8833,-101.683
3532,YBV,52.4333,-97.0333
3533,YBW,48.7512,-123.225
3534,YBX,51.4436,-57.1861
3535,YBZ,43.6382,-79.3466
3536,YCA,49.6833,-125
3537,YCB,69.0981,-105.134
3538,YCC,45.092,-74.56
3539,YCD,49.0521,-123.874
3540,YCG,49.3002,-117.637
3541,YCK,67.0454,-125.853
3542,YCM,43.1893,-79.1709
3543,YCO,67.8182,-115.147
3544,YCR,54.6042,-97.7607
3545,YCS,63.3358,-90.734
3546,YCU,61.3167,-98.5
3547,YCY,70.4833,-68.5167
3548,YDA,64.0448,-139.126
3549,YDF,49.2085,-57.3999
3550,YDN,51.1025,-100.06
3551,YDP,56.5333,-61.6667
3552,YDQ,55.739,-120.187
3553,YEG,53.3078,-113.584
3554,YEI,40.2546,29.5629
3555,YEK,61.1019,-94.0622
3556,YER,56,-87.6333
3557,YES,34.4382,-104.611
3558,YEV,68.3063,-133.497
3559,YFA,52.2417,-81.5917
3560,YFB,63.7514,-68.5353
3561,YFC,45.873,-66.5296
3562,YFH,51.5466,-87.9859
3563,YFJ,64.1904,-114.183
3564,YFO,54.7483,-101.83
3565,YFS,61.7556,-121.238
3566,YFX,52.3598,-55.6684
3567,YGB,49.6942,-124.516
3568,YGG,48.85,-123.5
3569,YGH,66.2653,-128.617
3570,YGJ,35.4943,133.237
3571,YGK,44.2333,-76.5833
3572,YGL,53.6256,-77.705
3573,YGO,54.55,-94.4833
3574,YGP,48.7782,-64.4738
3575,YGR,47.42,-61.7743
3576,YGT,69.3674,-81.8254
3577,YGV,50.2811,-63.6111
3578,YGW,55.2825,-77.7583
3579,YGX,56.35,-94.7167
3580,YGZ,76.425,-82.9458
3581,YHA,52.5333,-56.3
3582,YHB,52.8208,-102.324
3583,YHD,49.8284,-92.7465
3584,YHG,52.7667,-56.1
3585,YHI,70.7766,-117.831
3586,YHK,68.6337,-95.8561
3587,YHM,43.1632,-79.9266
3588,YHO,55.4667,-60.2167
3589,YHP,52.0801,-94.3094
3590,YHR,50.5013,-59.4799
3591,YHS,49.4735,-123.747
3592,YHU,45.5087,-73.4302
3593,YHY,60.8392,-115.781
3594,YHZ,44.8868,-63.5154
3595,YIF,51.2117,-58.6592
3596,YIH,30.9007,111.06
3597,YIK,62.4137,-77.9323
3598,YIN,43.9375,81.3029
3599,YIO,72.6806,-77.9981
3600,YIP,42.2385,-83.5467
3601,YIV,53.859,-94.6296
3602,YIW,0.688365,129.154
3603,YJT,48.5456,-58.5626
3604,YKA,50.7054,-120.442
3605,YKF,43.45,-80.4833
3606,YKG,60.0199,-69.9964
3607,YKL,54.8056,-66.8067
3608,YKM,46.5703,-120.54
3609,YKQ,51.485,-78.7483
3610,YKS,62.0953,129.767
3611,YKT,52.5995,-128.529
3612,YKU,53.8167,-79
3613,YLC,62.85,-69.8833
3614,YLE,63.15,-117.267
3615,YLH,52.2069,-87.9102
3616,YLL,53.3122,-110.073
3617,YLQ,47.4149,-72.7872
3618,YLW,49.9509,-119.382
3619,YMH,52.3,-55.8333
3620,YMM,56.6512,-111.246
3621,YMN,55.0872,-59.1714
3622,YMO,51.2855,-80.6131
3623,YMT,49.7793,-74.5295
3624,YMX,45.6667,-74.03
3625,YMY,45.4825,-73.5486
3626,YNA,50.1903,-61.79
3627,YNB,24.145,38.0636
3628,YNC,52.9972,-78.8333
3629,YND,45.5179,-75.5618
3630,YNE,53.9833,-97.8
3631,YNG,41.2576,-80.6648
3632,YNJ,42.65,129.5
3633,YNO,52.4953,-92.8807
3634,YNP,62.3587,-96.5821
3635,YNS,51.6896,-76.1421
3636,YNT,37.55,121.333
3637,YNY,38.0481,128.656
3638,YNZ,33.3856,120.125
3639,YOC,67.5734,-139.849
3640,YOG,51.6291,-85.954
3641,YOH,54.9357,-95.2757
3642,YOJ,58.6137,-117.163
3643,YOO,43.9263,-78.8959
3644,YOP,58.4906,-119.402
3645,YOW,45.3248,-75.6666
3646,YPB,49.2618,-124.836
3647,YPC,69.3499,-124.085
3648,YPE,56.2314,-117.448
3649,YPH,58.4575,-78.1327
3650,YPJ,58.8566,-69.3528
3651,YPL,51.4503,-90.2155
3652,YPM,51.8117,-93.9886
3653,YPO,54.9906,-85.4393
3654,YPR,54.292,-130.446
3655,YPW,49.8369,-124.496
3656,YPX,59.8141,-77.2512
3657,YPZ,54.2526,-125.773
3658,YQB,46.791,-71.3837
3659,YQC,61.0495,-69.6207
3660,YQD,53.8234,-101.205
3661,YQF,52.1786,-113.883
3662,YQG,42.2657,-82.9602
3663,YQK,49.7893,-94.3676
3664,YQL,49.6344,-112.787
3665,YQM,46.1166,-64.6883
3666,YQN,50.1667,-86.7
3667,YQQ,49.7083,-124.897
3668,YQR,50.4345,-104.655
3669,YQT,48.3718,-89.3118
3670,YQU,55.1787,-118.872
3671,YQX,48.9465,-54.5802
3672,YQY,46.1675,-60.0473
3673,YQZ,53.0275,-122.507
3674,YRA,64.1111,-117.353
3675,YRB,74.7167,-94.9667
3676,YRF,53.7084,-57.0014
3677,YRG,54.2102,-58.4141
3678,YRJ,48.52,-72.2661
3679,YRL,51.0683,-93.8015
3680,YRS,54.1623,-93.5887
3681,YRT,62.8042,-92.1026
3682,YSB,46.6229,-80.7953
3683,YSG,62.4009,-110.693
3684,YSH,44.9289,-75.9706
3685,YSJ,45.3294,-65.8903
3686,YSK,56.2385,-78.8122
3687,YSM,60.0208,-111.963
3688,YSO,54.9119,-59.7708
3689,YSR,72.9833,-84.6333
3690,YST,20.9417,95.9181
3691,YSY,72,-125.267
3692,YTD,55.3167,-97.7
3693,YTE,64.2228,-76.5337
3694,YTF,48.55,-71.65
3695,YTH,55.7999,-97.8598
3696,YTL,53.7767,-89.9697
3697,YTM,46.25,-74.5833
3698,YTQ,53.6833,-69.9333
3699,YTS,48.5655,-81.3718
3700,YTZ,43.6321,-79.3962
3701,YUB,69.4335,-133.02
3702,YUD,56.4835,-76.4426
3703,YUL,45.4562,-73.7473
3704,YUM,32.6685,-114.599
3705,YUT,66.5333,-86.25
3706,YUX,68.7804,-81.2429
3707,YUY,48.2135,-78.8287
3708,YVA,-11.7075,43.2342
3709,YVB,48.0717,-65.4614
3710,YVM,67.5412,-63.9855
3711,YVO,48.0623,-77.7896
3712,YVP,58.102,-68.4333
3713,YVQ,65.2825,-126.798
3714,YVR,49.1931,-123.172
3715,YVZ,52.6528,-94.1569
3716,YWB,61.6013,-71.9503
3717,YWG,49.9045,-97.2253
3718,YWH,70.9166,-109.985
3719,YWJ,65.1994,-123.431
3720,YWK,52.9261,-66.873
3721,YWL,52.1866,-122.068
3722,YWM,52.3333,-56
3723,YWP,52.978,-87.3578
3724,YWS,50.1333,-122.95
3725,YXC,49.6148,-115.786
3726,YXE,52.1703,-106.689
3727,YXH,50.0219,-110.722
3728,YXJ,56.2464,-120.737
3729,YXK,48.4727,-68.5044
3730,YXL,50.1153,-91.9056
3731,YXN,62.2273,-92.5948
3732,YXP,66.1349,-65.7142
3733,YXS,53.8805,-122.676
3734,YXT,54.4727,-128.577
3735,YXU,43.0285,-81.1497
3736,YXX,49.0221,-122.382
3737,YXY,60.7141,-135.076
3738,YYB,46.3564,-79.4285
3739,YYC,51.1343,-114.007
3740,YYD,54.8247,-127.181
3741,YYE,58.8429,-122.579
3742,YYF,49.4614,-119.606
3743,YYG,46.2833,-63.1333
3744,YYH,69.5466,-93.5751
3745,YYJ,48.6402,-123.43
3746,YYL,56.8617,-101.071
3747,YYQ,58.7557,-94.0678
3748,YYR,53.3263,-60.4106
3749,YYT,47.6124,-52.7425
3750,YYU,49.4098,-82.4618
3751,YYY,48.6069,-68.2111
3752,YYZ,43.685,-79.6142
3753,YZF,62.4699,-114.433
3754,YZG,62.1853,-75.6685
3755,YZP,53.2528,-131.814
3756,YZR,42.9965,-82.3078
3757,YZS,64.2,-83.3667
3758,YZT,50.6843,-127.377
3759,YZV,50.2169,-66.2654
3760,YZZ,37.0625,-95.6771
3761,ZAC,56.0763,-96.09
3762,ZAD,44.0978,15.3567
3763,ZAG,45.7402,16.0704
3764,ZAH,29.4764,60.9044
3765,ZAL,-39.6458,-73.0847
3766,ZAM,6.9244,122.061
3767,ZAQ,48.9174,11.408
3768,ZAT,27.3167,103.8
3769,ZAZ,41.6607,-1.0078
3770,ZBA,47.5487,7.58768
3771,ZBF,47.6325,-65.74
3772,ZBL,-24.3903,150.519
3773,ZBP,39.3117,-76.6183
3774,ZBR,25.445,60.3819
3775,ZCB,41.9619,21.6181
3776,ZCL,22.8972,-102.685
3777,ZCO,-38.7639,-72.6378
3778,ZDH,47.5487,7.58768
3779,ZDN,-33.9344,151.168
3780,ZDU,51.5039,0.04981
3781,ZEE,30.754,-91.3415
3782,ZEI,12.9794,11.8559
3783,ZEJ,47.7134,22.8887
3784,ZEL,52.152,-128.155
3785,ZEM,52.2399,-78.5077
3786,ZEP,39.0804,-78.4233
3787,ZEU,2.51769,30.7978
3788,ZFI,52.8833,-1.97685
3789,ZFJ,46.7124,1.71832
3790,ZFM,67.4024,-134.849
3791,ZFN,64.9,-125.583
3792,ZFQ,46.7124,1.71832
3793,ZFV,40.9946,-77.6045
3794,ZFZ,40.7145,-74.0071
3795,ZGD,41.3564,-72.0965
3796,ZGG,54.3139,-2.23218
3797,ZGH,55.6205,12.6495
3798,ZGI,54.6768,-94.1459
3799,ZGN,22.5167,113.367
3800,ZGO,50.9496,10.7087
3801,ZGS,50.3016,-60.6776
3802,ZGU,-14.25,167.5
3803,ZHA,21.2151,110.362
3804,ZHO,29.7605,-95.3698
3805,ZIF,45.4167,-75.7
3806,ZIG,12.5561,-16.2758
3807,ZIH,17.6025,-101.458
3808,ZIV,57.48,-4.22347
3809,ZJT,1.58333,110.483
3810,ZKE,52.3117,-81.6078
3811,ZKG,50.1937,-61.2817
3812,ZLN,48.0081,0.19784
3813,ZLO,19.1478,-104.56
3814,ZLS,52.8833,-1.97685
3815,ZLT,50.833,-58.9902
3816,ZLY,42.7426,-73.809
3817,ZMB,-13.1519,27.8525
3818,ZME,40.1428,-74.7267
3819,ZML,42.9471,-87.9051
3820,ZMT,54.012,-132.134
3821,ZMU,48.9174,11.408
3822,ZMY,43.8321,4.36677
3823,ZNA,49.1617,-123.893
3824,ZNB,-3.08333,-67.9333
3825,ZNE,-23.4169,119.803
3826,ZNV,4.6,-61.1
3827,ZNZ,-6.2203,39.2228
3828,ZOS,-40.6072,-73.0567
3829,ZPB,53.8648,-92.1915
3830,ZQN,-45.0217,168.737
3831,ZQW,49.9545,7.31024
3832,ZRB,50.0483,8.57041
3833,ZRD,37.5406,-77.4334
3834,ZRH,47.454,8.56137
3835,ZRJ,52.95,-91.3167
3836,ZRL,40.038,-76.3013
3837,ZRP,40.7333,-74.1667
3838,ZRT,41.7633,-72.674
3839,ZRU,42.322,-71.0918
3840,ZRV,41.8238,-71.412
3841,ZSA,24.06,-74.5331
3842,ZSE,-20.8833,55.5333
3843,ZSF,42.1039,-72.592
3844,ZSJ,53.0513,-93.2491
3845,ZSN,56.7819,-98.9558
3846,ZTA,41.3,-6.46667
3847,ZTB,50.6876,-59.3545
3848,ZTD,42.8161,-73.9442
3849,ZTE,43.1531,-77.6177
3850,ZTF,41.0464,-73.5429
3851,ZTH,37.7522,20.8847
3852,ZTI,22.8267,113.672
3853,ZTJ,40.1428,-74.7267
3854,ZTM,55.8667,-92.0833
3855,ZTN,40.217,-74.7551
3856,ZTO,42.3374,-71.0591
3857,ZTV,38.1865,-85.7462
3858,ZTY,42.3433,-71.0506
3859,ZUA,43.0958,-75.2428
3860,ZUG,47.1715,8.51622
3861,ZUH,22.277,113.557
3862,ZUM,53.5619,-64.1072
3863,ZUN,35.0843,-108.789
3864,ZVE,41.3071,-72.9249
3865,ZVK,16.5536,104.763
3866,ZVR,52.3778,9.74213
3867,ZWB,37.0294,-76.3467
3868,ZWE,-19.0133,29.1467
3869,ZWI,41.1418,-80.3211
3870,ZWS,48.7831,9.18139
3871,ZWU,38.9,-77.25
3872,ZWV,39.7393,-89.5041
3873,ZWW,36.9805,-76.4295
3874,ZXA,57.1538,-2.10679
3875,ZXE,55.9521,-3.189
3876,ZYA,52.3784,4.90016
3877,ZYK,30.7,114.35
3878,ZYL,24.9589,91.8744
3879,ZYN,43.8321,4.36677
3880,ZYP,40.7501,40.7501
3881,ZYQ,43.05,-76.1474
3882,ZYR,50.8346,4.33628
3883,ZYZ,51.1992,4.43246
3884,TNM,-81.5,0
